"YEAR","Model_SE_LE","Transm","Engine","TYPE_A","Cond","Color","Auction","Price","Odometer","Model_SE","AutoTrans","AGE","Cyl6","CondBelow","CondAbove","AucType","BLACK","WHITE","RED","BLUE","SILVER","BEIGE","GREEN","GOLD","California","SEATTLE","DALLAS","ORLANDO","Pennsylvan","OHIO"
2010,"4D SEDAN LE","A",4,"Open","Avg","GRAY","NASHVILL",8190,104770,0,1,5,0,0,0,1,0,0,0,0,0,0,0,0,0,0,0,0,0,0
2012,"4D SEDAN SE","M",4,"Open","Avg","WHITE","ATLANTA",15300,45460,1,0,3,0,0,0,0,0,1,0,0,0,0,0,0,0,0,0,0,0,0
2011,"4D SEDAN LE","A",4,"Open","Above","GRAY","NASHVILL",11610,44230,0,1,4,0,0,1,0,0,0,0,0,0,0,0,0,0,0,0,0,0,0
2013,"4D SEDAN SE","A",4,"Open","Below","GRAY","NewJersey",13050,52970,1,1,2,0,1,0,0,0,0,0,0,0,0,0,0,0,0,0,0,0,0
2012,"4D SEDAN SE","A",6,"Open","Avg","WHITE","MILWAUKE",15450,31223,1,1,3,1,0,0,0,0,1,0,0,0,0,0,0,0,0,0,0,0,0
2012,"4D SEDAN SE","A",4,"Open","Avg","BLUE","ORLANDO",14810,30220,1,1,3,0,0,0,0,0,0,0,1,0,0,0,0,0,0,0,1,0,0
2013,"4D SEDAN LE","A",4,"Open","Avg","WHITE","ORLANDO",12660,54080,0,1,2,0,0,0,0,0,1,0,0,0,0,0,0,0,0,0,1,0,0
2015,"4D SEDAN SE","A",4,"Closed","Avg","SILVER","SEATTLE",17960,14560,1,1,0,0,0,0,1,0,0,0,0,1,0,0,0,0,1,0,0,0,0
2014,"4D SEDAN LE","A",4,"Closed","Avg","WHITE","KansasCity",13380,34126,0,1,1,0,0,0,1,0,1,0,0,0,0,0,0,0,0,0,0,0,0
2011,"4D SEDAN SE","M",4,"Open","Above","GRAY","Pennsylvan",13050,62390,1,0,4,0,0,1,0,0,0,0,0,0,0,0,0,0,0,0,0,1,0
2014,"4D SEDAN LE","A",4,"Open","Avg","WHITE","ORLANDO",13200,22383,0,1,1,0,0,0,0,0,1,0,0,0,0,0,0,0,0,0,1,0,0
2010,"4D SEDAN LE","A",4,"Open","Avg","GOLD","DALLAS",7760,92560,0,1,5,0,0,0,0,0,0,0,0,0,0,0,1,0,0,1,0,0,0
2012,"4D SEDAN LE","A",4,"Open","Above","WHITE","ATLANTA",15120,16270,0,1,3,0,0,1,0,0,1,0,0,0,0,0,0,0,0,0,0,0,0
2014,"4D SEDAN SE","A",4,"Open","Below","WHITE","NewJersey",11750,55855,1,1,1,0,1,0,0,0,1,0,0,0,0,0,0,0,0,0,0,0,0
2012,"4D SEDAN SE","A",6,"Open","Avg","SILVER","ORLANDO",14900,36299,1,1,3,1,0,0,0,0,0,0,0,1,0,0,0,0,0,0,1,0,0
2013,"4D SEDAN SE","A",4,"Open","Avg","BLUE","OHIO",13220,48830,1,1,2,0,0,0,0,0,0,0,1,0,0,0,0,0,0,0,0,0,1
2013,"4D SEDAN LE","A",4,"Closed","Avg","GRAY","NEWENGLD",12560,36150,0,1,2,0,0,0,1,0,0,0,0,0,0,0,0,0,0,0,0,0,0
2015,"4D SEDAN SE","A",4,"Open","Above","RED","ORLANDO",18100,5432,1,1,0,0,0,1,0,0,0,1,0,0,0,0,0,0,0,0,1,0,0
2012,"4D SEDAN SE","M",6,"Closed","Above","GRAY","DALLAS",19490,8730,1,0,3,1,0,1,0,0,0,0,0,0,0,0,0,0,0,1,0,0,0
2012,"4D SEDAN LE","A",6,"Open","Below","WHITE","NEWENGLD",13900,87542,0,1,3,1,1,0,0,0,1,0,0,0,0,0,0,0,0,0,0,0,0
2010,"4D SEDAN SE","A",6,"Closed","Avg","GRAY","NorthCarol",11620,85560,1,1,5,1,0,0,1,0,0,0,0,0,0,0,0,0,0,0,0,0,0
2011,"4D SEDAN LE","A",4,"Open","Avg","WHITE","DENVER",10410,75640,0,1,4,0,0,0,0,0,1,0,0,0,0,0,0,0,0,0,0,0,0
2011,"4D SEDAN LE","A",6,"Open","Below","WHITE","MILWAUKE",8850,143907,0,1,4,1,1,0,0,0,1,0,0,0,0,0,0,0,0,0,0,0,0
2013,"4D SEDAN LE","A",4,"Open","Below","GRAY","NewJersey",12200,55040,0,1,2,0,1,0,0,0,0,0,0,0,0,0,0,0,0,0,0,0,0
2015,"4D SEDAN SE","A",4,"Open","Avg","SILVER","DENVER",17050,16068,1,1,0,0,0,0,0,0,0,0,0,1,0,0,0,0,0,0,0,0,0
2012,"4D SEDAN LE","A",6,"Open","Avg","RED","ORLANDO",15800,30047,0,1,3,1,0,0,0,0,0,1,0,0,0,0,0,0,0,0,1,0,0
2010,"4D SEDAN SE","A",4,"Open","Avg","RED","ATLANTA",8810,102950,1,1,5,0,0,0,1,0,0,1,0,0,0,0,0,0,0,0,0,0,0
2012,"4D SEDAN LE","M",6,"Open","Avg","WHITE","KansasCity",15250,28980,0,0,3,1,0,0,0,0,1,0,0,0,0,0,0,0,0,0,0,0,0
2014,"4D SEDAN LE","A",4,"Closed","Avg","SILVER","ORLANDO",12980,36061,0,1,1,0,0,0,1,0,0,0,0,1,0,0,0,0,0,0,1,0,0
2012,"4D SEDAN LE","A",4,"Open","Avg","GRAY","MILWAUKE",12510,34940,0,1,3,0,0,0,0,0,0,0,0,0,0,0,0,0,0,0,0,0,0
2014,"4D SEDAN LE","A",4,"Closed","Avg","BLACK","ATLANTA",12615,40458,0,1,1,0,0,0,1,1,0,0,0,0,0,0,0,0,0,0,0,0,0
2015,"4D SEDAN LE","A",4,"Open","Below","GRAY","ORLANDO",14650,17262,0,1,0,0,1,0,0,0,0,0,0,0,0,0,0,0,0,0,1,0,0
2012,"4D SEDAN SE","A",6,"Open","Below","BLACK","NASHVILL",14355,85380,1,1,3,1,1,0,0,1,0,0,0,0,0,0,0,0,0,0,0,0,0
2013,"4D SEDAN LE","M",4,"Closed","Above","GRAY","Pennsylvan",16430,17030,0,0,2,0,0,1,1,0,0,0,0,0,0,0,0,0,0,0,0,1,0
2014,"4D SEDAN SE","A",4,"Open","Avg","SILVER","ORLANDO",14350,20426,1,1,1,0,0,0,0,0,0,0,0,1,0,0,0,0,0,0,1,0,0
2012,"4D SEDAN LE","A",6,"Open","Avg","GRAY","MILWAUKE",15150,36041,0,1,3,1,0,0,0,0,0,0,0,0,0,0,0,0,0,0,0,0,0
2010,"4D SEDAN LE","A",4,"Closed","Avg","GRAY","ORLANDO",9310,80920,0,1,5,0,0,0,1,0,0,0,0,0,0,0,0,0,0,0,1,0,0
2011,"4D SEDAN LE","A",4,"Closed","Below","RED","DENVER",8300,84900,0,1,4,0,1,0,1,0,0,1,0,0,0,0,0,0,0,0,0,0,0
2012,"4D SEDAN SE","M",4,"Open","Avg","GRAY","ORLANDO",14800,30460,1,0,3,0,0,0,0,0,0,0,0,0,0,0,0,0,0,0,1,0,0
2014,"4D SEDAN SE","M",4,"Open","Avg","RED","Pennsylvan",14150,33590,1,0,1,0,0,0,0,0,0,1,0,0,0,0,0,0,0,0,0,1,0
2012,"4D SEDAN LE","A",4,"Closed","Avg","BLACK","BALTWASH",13125,33660,0,1,3,0,0,0,1,1,0,0,0,0,0,0,0,0,0,0,0,0,0
2013,"4D SEDAN LE","A",4,"Open","Above","WHITE","California",14665,29720,0,1,2,0,0,1,0,0,1,0,0,0,0,0,0,1,0,0,0,0,0
2015,"4D SEDAN SE","A",4,"Open","Avg","BLACK","California",17620,20826,1,1,0,0,0,0,0,1,0,0,0,0,0,0,0,1,0,0,0,0,0
2012,"4D SEDAN SE","A",6,"Open","Avg","RED","NewJersey",16000,32821,1,1,3,1,0,0,0,0,0,1,0,0,0,0,0,0,0,0,0,0,0
2010,"4D SEDAN LE","A",4,"Open","Below","RED","ORLANDO",5240,134480,0,1,5,0,1,0,0,0,0,1,0,0,0,0,0,0,0,0,1,0,0
2010,"4D SEDAN LE","A",4,"Open","Avg","BLUE","MILWAUKE",10140,41530,0,1,5,0,0,0,0,0,0,0,1,0,0,0,0,0,0,0,0,0,0
2014,"4D SEDAN SE","A",4,"Open","Avg","BLACK","DENVER",13385,40269,1,1,1,0,0,0,0,1,0,0,0,0,0,0,0,0,0,0,0,0,0
2012,"4D SEDAN LE","A",4,"Open","Avg","GOLD","MILWAUKE",13380,34860,0,1,3,0,0,0,0,0,0,0,0,0,0,0,1,0,0,0,0,0,0
2013,"4D SEDAN SE","A",4,"Open","Above","BLACK","ORLANDO",15745,31410,1,1,2,0,0,1,0,1,0,0,0,0,0,0,0,0,0,0,1,0,0
2014,"4D SEDAN LE","A",4,"Closed","Above","WHITE","DENVER",13880,25977,0,1,1,0,0,1,1,0,1,0,0,0,0,0,0,0,0,0,0,0,0
2011,"4D SEDAN SE","A",4,"Open","Avg","GRAY","NewJersey",11810,64470,1,1,4,0,0,0,0,0,0,0,0,0,0,0,0,0,0,0,0,0,0
2012,"4D SEDAN SE","A",4,"Open","Avg","RED","ORLANDO",15020,16560,1,1,3,0,0,0,0,0,0,1,0,0,0,0,0,0,0,0,1,0,0
2014,"4D SEDAN LE","A",4,"Open","Above","RED","MILWAUKE",16550,358,0,1,1,0,0,1,0,0,0,1,0,0,0,0,0,0,0,0,0,0,0
2015,"4D SEDAN SE","A",4,"Closed","Avg","BLACK","California",16900,23152,1,1,0,0,0,0,1,1,0,0,0,0,0,0,0,1,0,0,0,0,0
2010,"4D SEDAN LE","M",4,"Closed","Above","GOLD","California",11405,46210,0,0,5,0,0,1,1,0,0,0,0,0,0,0,1,1,0,0,0,0,0
2012,"4D SEDAN LE","A",4,"Open","Below","BLACK","OHIO",11835,40340,0,1,3,0,1,0,0,1,0,0,0,0,0,0,0,0,0,0,0,0,1
2010,"4D SEDAN SE","A",4,"Closed","Above","SILVER","California",13035,73350,1,1,5,0,0,1,1,0,0,0,0,1,0,0,0,1,0,0,0,0,0
2014,"4D SEDAN LE","A",4,"Closed","Avg","GREEN","SEATTLE",14660,29655,0,1,1,0,0,0,1,0,0,0,0,0,0,1,0,0,1,0,0,0,0
2012,"4D SEDAN SE","A",4,"Open","Avg","GREEN","OHIO",13450,46660,1,1,3,0,0,0,0,0,0,0,0,0,0,1,0,0,0,0,0,0,1
2012,"4D SEDAN SE","M",6,"Open","Avg","WHITE","NASHVILL",18170,40980,1,0,3,1,0,0,0,0,1,0,0,0,0,0,0,0,0,0,0,0,0
2013,"4D SEDAN SE","A",4,"Open","Avg","WHITE","MILWAUKE",13850,54100,1,1,2,0,0,0,0,0,1,0,0,0,0,0,0,0,0,0,0,0,0
2010,"4D SEDAN LE","A",4,"Open","Avg","GREEN","NEWENGLD",8020,95050,0,1,5,0,0,0,0,0,0,0,0,0,0,1,0,0,0,0,0,0,0
2015,"4D SEDAN LE","M",4,"Closed","Above","BLACK","Pennsylvan",18215,4,0,0,0,0,0,1,1,1,0,0,0,0,0,0,0,0,0,0,0,1,0
2014,"4D SEDAN SE","A",4,"Closed","Avg","SILVER","DALLAS",13230,40308,1,1,1,0,0,0,1,0,0,0,0,1,0,0,0,0,0,1,0,0,0
2012,"4D SEDAN LE","A",4,"Open","Avg","GREEN","ORLANDO",12120,53340,0,1,3,0,0,0,0,0,0,0,0,0,0,1,0,0,0,0,1,0,0
2012,"4D SEDAN SE","M",6,"Open","Below","BLACK","Pennsylvan",15065,60560,1,0,3,1,1,0,0,1,0,0,0,0,0,0,0,0,0,0,0,1,0
2010,"4D SEDAN LE","A",4,"Open","Avg","BLACK","DALLAS",9995,74660,0,1,5,0,0,0,0,1,0,0,0,0,0,0,0,0,0,1,0,0,0
2013,"4D SEDAN SE","A",4,"Closed","Avg","WHITE","BALTWASH",13990,52700,1,1,2,0,0,0,1,0,1,0,0,0,0,0,0,0,0,0,0,0,0
2012,"4D SEDAN SE","A",6,"Open","Avg","BLACK","ORLANDO",15185,32375,1,1,3,1,0,0,0,1,0,0,0,0,0,0,0,0,0,0,1,0,0
2010,"4D SEDAN SE","A",4,"Open","Avg","BLACK","ATLANTA",8265,115950,1,1,5,0,0,0,1,1,0,0,0,0,0,0,0,0,0,0,0,0,0
2012,"4D SEDAN LE","A",6,"Open","Below","BLACK","NewJersey",14185,37252,0,1,3,1,1,0,0,1,0,0,0,0,0,0,0,0,0,0,0,0,0
2012,"4D SEDAN SE","A",6,"Closed","Above","WHITE","NewJersey",19380,13690,1,1,3,1,0,1,1,0,1,0,0,0,0,0,0,0,0,0,0,0,0
2015,"4D SEDAN SE","A",6,"Closed","Above","RED","MILWAUKE",24830,1491,1,1,0,1,0,1,1,0,0,1,0,0,0,0,0,0,0,0,0,0,0
2011,"4D SEDAN LE","A",4,"Open","Above","GOLD","NASHVILL",12390,23640,0,1,4,0,0,1,0,0,0,0,0,0,0,0,1,0,0,0,0,0,0
2011,"4D SEDAN SE","A",6,"Open","Below","GRAY","DALLAS",8620,110580,1,1,4,1,1,0,0,0,0,0,0,0,0,0,0,0,0,1,0,0,0
2012,"4D SEDAN SE","M",4,"Open","Avg","SILVER","DALLAS",14250,35530,1,0,3,0,0,0,0,0,0,0,0,1,0,0,0,0,0,1,0,0,0
2014,"4D SEDAN LE","A",4,"Closed","Avg","BLUE","NorthCarol",13130,33828,0,1,1,0,0,0,1,0,0,0,1,0,0,0,0,0,0,0,0,0,0
2014,"4D SEDAN SE","A",4,"Open","Above","BLACK","DENVER",14935,30128,1,1,1,0,0,1,0,1,0,0,0,0,0,0,0,0,0,0,0,0,0
2014,"4D SEDAN SE","A",4,"Closed","Avg","WHITE","DALLAS",12980,41210,1,1,1,0,0,0,1,0,1,0,0,0,0,0,0,0,0,1,0,0,0
2010,"4D SEDAN SE","A",4,"Open","Avg","BLUE","ATLANTA",8800,106150,1,1,5,0,0,0,0,0,0,0,1,0,0,0,0,0,0,0,0,0,0
2015,"4D SEDAN SE","M",4,"Closed","Below","WHITE","NorthCarol",15320,15614,1,0,0,0,1,0,1,0,1,0,0,0,0,0,0,0,0,0,0,0,0
2014,"4D SEDAN LE","A",4,"Closed","Avg","BLACK","MILWAUKE",13415,23147,0,1,1,0,0,0,1,1,0,0,0,0,0,0,0,0,0,0,0,0,0
2010,"4D SEDAN LE","A",4,"Open","Below","RED","MILWAUKE",7520,128990,0,1,5,0,1,0,0,0,0,1,0,0,0,0,0,0,0,0,0,0,0
2012,"4D SEDAN SE","A",6,"Open","Avg","WHITE","NorthCarol",17390,44040,1,1,3,1,0,0,0,0,1,0,0,0,0,0,0,0,0,0,0,0,0
2012,"4D SEDAN LE","A",6,"Open","Above","WHITE","DALLAS",16650,13097,0,1,3,1,0,1,0,0,1,0,0,0,0,0,0,0,0,1,0,0,0
2015,"4D SEDAN LE","A",4,"Open","Avg","BLACK","ORLANDO",16585,12435,0,1,0,0,0,0,0,1,0,0,0,0,0,0,0,0,0,0,1,0,0
2013,"4D SEDAN LE","A",4,"Open","Avg","WHITE","DALLAS",13170,46130,0,1,2,0,0,0,0,0,1,0,0,0,0,0,0,0,0,1,0,0,0
2012,"4D SEDAN LE","A",6,"Open","Below","BLACK","OHIO",13985,42374,0,1,3,1,1,0,0,1,0,0,0,0,0,0,0,0,0,0,0,0,1
2015,"4D SEDAN SE","A",4,"Open","Avg","WHITE","SEATTLE",18530,17518,1,1,0,0,0,0,0,0,1,0,0,0,0,0,0,0,1,0,0,0,0
2011,"4D SEDAN SE","A",4,"Open","Avg","RED","NewJersey",10310,64740,1,1,4,0,0,0,0,0,0,1,0,0,0,0,0,0,0,0,0,0,0
2010,"4D SEDAN LE","A",4,"Open","Avg","GRAY","NorthCarol",7610,145200,0,1,5,0,0,0,0,0,0,0,0,0,0,0,0,0,0,0,0,0,0
2012,"4D SEDAN SE","M",6,"Open","Avg","GRAY","Pennsylvan",15990,49710,1,0,3,1,0,0,0,0,0,0,0,0,0,0,0,0,0,0,0,1,0
2012,"4D SEDAN SE","M",4,"Open","Above","RED","Pennsylvan",18020,14660,1,0,3,0,0,1,0,0,0,1,0,0,0,0,0,0,0,0,0,1,0
2015,"4D SEDAN LE","A",4,"Open","Above","RED","ATLANTA",17850,131,0,1,0,0,0,1,0,0,0,1,0,0,0,0,0,0,0,0,0,0,0
2014,"4D SEDAN SE","A",4,"Open","Above","BLACK","ATLANTA",14835,22028,1,1,1,0,0,1,0,1,0,0,0,0,0,0,0,0,0,0,0,0,0
2012,"4D SEDAN SE","A",4,"Open","Avg","WHITE","ATLANTA",14850,45120,1,1,3,0,0,0,0,0,1,0,0,0,0,0,0,0,0,0,0,0,0
2010,"4D SEDAN LE","A",4,"Open","Avg","SILVER","Pennsylvan",7790,96920,0,1,5,0,0,0,0,0,0,0,0,1,0,0,0,0,0,0,0,1,0
2013,"4D SEDAN SE","A",4,"Open","Avg","RED","DALLAS",13470,60240,1,1,2,0,0,0,0,0,0,1,0,0,0,0,0,0,0,1,0,0,0
2012,"4D SEDAN LE","A",4,"Open","Above","GRAY","Pennsylvan",15370,21690,0,1,3,0,0,1,0,0,0,0,0,0,0,0,0,0,0,0,0,1,0
2010,"4D SEDAN LE","A",4,"Open","Avg","GREEN","MILWAUKE",7330,62980,0,1,5,0,0,0,0,0,0,0,0,0,0,1,0,0,0,0,0,0,0
2011,"4D SEDAN LE","A",4,"Open","Avg","GRAY","MILWAUKE",9760,70700,0,1,4,0,0,0,0,0,0,0,0,0,0,0,0,0,0,0,0,0,0
2014,"4D SEDAN SE","A",4,"Open","Below","GRAY","KansasCity",12850,48562,1,1,1,0,1,0,0,0,0,0,0,0,0,0,0,0,0,0,0,0,0
2013,"4D SEDAN LE","A",4,"Open","Above","GRAY","BALTWASH",15460,16410,0,1,2,0,0,1,0,0,0,0,0,0,0,0,0,0,0,0,0,0,0
2013,"4D SEDAN LE","A",6,"Closed","Avg","WHITE","OHIO",13230,63899,0,1,2,1,0,0,1,0,1,0,0,0,0,0,0,0,0,0,0,0,1
2011,"4D SEDAN LE","A",6,"Open","Below","RED","DALLAS",8000,75823,0,1,4,1,1,0,0,0,0,1,0,0,0,0,0,0,0,1,0,0,0
2013,"4D SEDAN SE","A",4,"Open","Below","GRAY","DALLAS",11690,85280,1,1,2,0,1,0,0,0,0,0,0,0,0,0,0,0,0,1,0,0,0
2010,"4D SEDAN LE","A",4,"Open","Below","SILVER","California",7055,205460,0,1,5,0,1,0,0,0,0,0,0,1,0,0,0,1,0,0,0,0,0
2015,"4D SEDAN LE","A",4,"Open","Avg","BLACK","MILWAUKE",16935,16131,0,1,0,0,0,0,0,1,0,0,0,0,0,0,0,0,0,0,0,0,0
2012,"4D SEDAN SE","A",6,"Open","Avg","BLUE","DENVER",15650,19731,1,1,3,1,0,0,0,0,0,0,1,0,0,0,0,0,0,0,0,0,0
2012,"4D SEDAN SE","A",6,"Open","Avg","GRAY","OHIO",17670,41040,1,1,3,1,0,0,0,0,0,0,0,0,0,0,0,0,0,0,0,0,1
2011,"4D SEDAN LE","M",4,"Open","Avg","RED","DENVER",9310,82490,0,0,4,0,0,0,0,0,0,1,0,0,0,0,0,0,0,0,0,0,0
2013,"4D SEDAN SE","A",4,"Open","Avg","GRAY","MILWAUKE",13680,54890,1,1,2,0,0,0,0,0,0,0,0,0,0,0,0,0,0,0,0,0,0
2013,"4D SEDAN LE","M",4,"Open","Avg","SILVER","Pennsylvan",12740,56190,0,0,2,0,0,0,0,0,0,0,0,1,0,0,0,0,0,0,0,1,0
2011,"4D SEDAN LE","A",4,"Open","Avg","BLACK","California",9390,108300,0,1,4,0,0,0,0,1,0,0,0,0,0,0,0,1,0,0,0,0,0
2014,"4D SEDAN LE","A",4,"Open","Avg","GRAY","KansasCity",13700,36505,0,1,1,0,0,0,0,0,0,0,0,0,0,0,0,0,0,0,0,0,0
2015,"4D SEDAN SE","A",4,"Open","Avg","WHITE","ATLANTA",17150,23792,1,1,0,0,0,0,0,0,1,0,0,0,0,0,0,0,0,0,0,0,0
2013,"4D SEDAN SE","M",4,"Open","Above","GRAY","NewJersey",15780,23690,1,0,2,0,0,1,0,0,0,0,0,0,0,0,0,0,0,0,0,0,0
2010,"4D SEDAN LE","A",4,"Open","Above","BLACK","California",11550,66450,0,1,5,0,0,1,0,1,0,0,0,0,0,0,0,1,0,0,0,0,0
2014,"4D SEDAN LE","A",4,"Closed","Avg","GRAY","California",13065,30236,0,1,1,0,0,0,1,0,0,0,0,0,0,0,0,1,0,0,0,0,0
2013,"4D SEDAN SE","A",4,"Open","Avg","BLACK","NorthCarol",13425,46150,1,1,2,0,0,0,0,1,0,0,0,0,0,0,0,0,0,0,0,0,0
2012,"4D SEDAN SE","M",4,"Open","Avg","GRAY","BALTWASH",14370,33030,1,0,3,0,0,0,0,0,0,0,0,0,0,0,0,0,0,0,0,0,0
2010,"4D SEDAN LE","A",4,"Open","Avg","GOLD","ORLANDO",8360,95700,0,1,5,0,0,0,1,0,0,0,0,0,0,0,1,0,0,0,1,0,0
2012,"4D SEDAN SE","A",6,"Open","Avg","GRAY","OHIO",17140,34940,1,1,3,1,0,0,0,0,0,0,0,0,0,0,0,0,0,0,0,0,1
2012,"4D SEDAN LE","A",4,"Open","Avg","SILVER","ORLANDO",12350,51430,0,1,3,0,0,0,0,0,0,0,0,1,0,0,0,0,0,0,1,0,0
2010,"4D SEDAN LE","A",4,"Open","Avg","GRAY","DALLAS",9620,80300,0,1,5,0,0,0,0,0,0,0,0,0,0,0,0,0,0,1,0,0,0
2015,"4D SEDAN LE","A",4,"Closed","Above","BLUE","MILWAUKE",16430,14025,0,1,0,0,0,1,1,0,0,0,1,0,0,0,0,0,0,0,0,0,0
2015,"4D SEDAN LE","A",4,"Open","Avg","GRAY","ORLANDO",15900,15649,0,1,0,0,0,0,0,0,0,0,0,0,0,0,0,0,0,0,1,0,0
2015,"4D SEDAN SE","M",4,"Open","Avg","BLACK","Pennsylvan",17035,24184,1,0,0,0,0,0,0,1,0,0,0,0,0,0,0,0,0,0,0,1,0
2012,"4D SEDAN LE","A",6,"Open","Avg","BLACK","OHIO",15735,33132,0,1,3,1,0,0,0,1,0,0,0,0,0,0,0,0,0,0,0,0,1
2014,"4D SEDAN SE","A",4,"Open","Avg","SILVER","DENVER",13050,43176,1,1,1,0,0,0,0,0,0,0,0,1,0,0,0,0,0,0,0,0,0
2012,"4D SEDAN SE","A",6,"Open","Above","BLACK","California",15820,29830,1,1,3,1,0,1,0,1,0,0,0,0,0,0,0,1,0,0,0,0,0
2015,"4D SEDAN SE","A",4,"Open","Below","GRAY","ATLANTA",16600,26826,1,1,0,0,1,0,0,0,0,0,0,0,0,0,0,0,0,0,0,0,0
2012,"4D SEDAN SE","A",6,"Open","Below","SILVER","ORLANDO",11850,61058,1,1,3,1,1,0,0,0,0,0,0,1,0,0,0,0,0,0,1,0,0
2014,"4D SEDAN LE","A",4,"Closed","Avg","GRAY","NewJersey",12880,48493,0,1,1,0,0,0,1,0,0,0,0,0,0,0,0,0,0,0,0,0,0
2015,"4D SEDAN SE","M",4,"Open","Avg","BLUE","Pennsylvan",17850,11741,1,0,0,0,0,0,0,0,0,0,1,0,0,0,0,0,0,0,0,1,0
2015,"4D SEDAN LE","A",4,"Open","Avg","SILVER","ORLANDO",16350,12862,0,1,0,0,0,0,0,0,0,0,0,1,0,0,0,0,0,0,1,0,0
2012,"4D SEDAN LE","A",4,"Open","Avg","GRAY","MILWAUKE",13360,31190,0,1,3,0,0,0,0,0,0,0,0,0,0,0,0,0,0,0,0,0,0
2012,"4D SEDAN SE","M",6,"Open","Avg","WHITE","Pennsylvan",14450,33883,1,0,3,1,0,0,0,0,1,0,0,0,0,0,0,0,0,0,0,1,0
2012,"4D SEDAN LE","A",6,"Open","Above","GRAY","DALLAS",17250,12273,0,1,3,1,0,1,0,0,0,0,0,0,0,0,0,0,0,1,0,0,0
2013,"4D SEDAN SE","M",4,"Open","Above","BLUE","NewJersey",15140,26180,1,0,2,0,0,1,0,0,0,0,1,0,0,0,0,0,0,0,0,0,0
2015,"4D SEDAN SE","A",4,"Open","Avg","WHITE","California",17935,15956,1,1,0,0,0,0,0,0,1,0,0,0,0,0,0,1,0,0,0,0,0
2011,"4D SEDAN SE","A",4,"Open","Above","GRAY","Pennsylvan",12940,50340,1,1,4,0,0,1,0,0,0,0,0,0,0,0,0,0,0,0,0,1,0
2013,"4D SEDAN LE","A",4,"Open","Avg","GRAY","DENVER",12151,54720,0,1,2,0,0,0,0,0,0,0,0,0,0,0,0,0,0,0,0,0,0
2012,"4D SEDAN SE","A",6,"Open","Avg","GRAY","ORLANDO",18060,39990,1,1,3,1,0,0,0,0,0,0,0,0,0,0,0,0,0,0,1,0,0
2010,"4D SEDAN LE","A",4,"Open","Avg","GRAY","Pennsylvan",7840,111540,0,1,5,0,0,0,1,0,0,0,0,0,0,0,0,0,0,0,0,1,0
2015,"4D SEDAN LE","A",4,"Closed","Avg","BLUE","ORLANDO",16680,13240,0,1,0,0,0,0,1,0,0,0,1,0,0,0,0,0,0,0,1,0,0
2011,"4D SEDAN SE","A",4,"Open","Avg","SILVER","Pennsylvan",11200,62300,1,1,4,0,0,0,0,0,0,0,0,1,0,0,0,0,0,0,0,1,0
2013,"4D SEDAN LE","A",6,"Open","Avg","GRAY","KansasCity",14100,13571,0,1,2,1,0,0,0,0,0,0,0,0,0,0,0,0,0,0,0,0,0
2011,"4D SEDAN SE","A",4,"Open","Avg","BLACK","DENVER",10095,85950,1,1,4,0,0,0,0,1,0,0,0,0,0,0,0,0,0,0,0,0,0
2015,"4D SEDAN LE","A",4,"Closed","Avg","SILVER","ORLANDO",15880,14363,0,1,0,0,0,0,1,0,0,0,0,1,0,0,0,0,0,0,1,0,0
2014,"4D SEDAN SE","A",4,"Open","Avg","GRAY","ORLANDO",13750,39912,1,1,1,0,0,0,0,0,0,0,0,0,0,0,0,0,0,0,1,0,0
2015,"4D SEDAN SE","A",4,"Open","Avg","GRAY","California",18235,17934,1,1,0,0,0,0,0,0,0,0,0,0,0,0,0,1,0,0,0,0,0
2012,"4D SEDAN SE","A",6,"Open","Avg","GRAY","OHIO",14350,39463,1,1,3,1,0,0,0,0,0,0,0,0,0,0,0,0,0,0,0,0,1
2014,"4D SEDAN LE","A",4,"Open","Above","BLACK","KansasCity",14685,9525,0,1,1,0,0,1,0,1,0,0,0,0,0,0,0,0,0,0,0,0,0
2013,"4D SEDAN LE","A",4,"Open","Avg","BLUE","DENVER",12420,51350,0,1,2,0,0,0,0,0,0,0,1,0,0,0,0,0,0,0,0,0,0
2013,"4D SEDAN SE","M",4,"Open","Avg","WHITE","Pennsylvan",13520,54540,1,0,2,0,0,0,0,0,1,0,0,0,0,0,0,0,0,0,0,1,0
2011,"4D SEDAN SE","M",4,"Open","Avg","SILVER","Pennsylvan",12180,44270,1,0,4,0,0,0,0,0,0,0,0,1,0,0,0,0,0,0,0,1,0
2013,"4D SEDAN SE","A",6,"Closed","Above","BLACK","OHIO",21085,9850,1,1,2,1,0,1,1,1,0,0,0,0,0,0,0,0,0,0,0,0,1
2014,"4D SEDAN SE","M",4,"Closed","Avg","GRAY","Pennsylvan",13280,40720,1,0,1,0,0,0,1,0,0,0,0,0,0,0,0,0,0,0,0,1,0
2015,"4D SEDAN SE","A",4,"Closed","Avg","BLACK","NASHVILL",17815,2113,1,1,0,0,0,0,1,1,0,0,0,0,0,0,0,0,0,0,0,0,0
2014,"4D SEDAN SE","A",6,"Closed","Avg","BLACK","ATLANTA",16965,41287,1,1,1,1,0,0,1,1,0,0,0,0,0,0,0,0,0,0,0,0,0
2012,"4D SEDAN LE","A",4,"Open","Avg","BLACK","ATLANTA",14545,31960,0,1,3,0,0,0,0,1,0,0,0,0,0,0,0,0,0,0,0,0,0
2014,"4D SEDAN SE","A",6,"Closed","Avg","SILVER","ATLANTA",16030,26828,1,1,1,1,0,0,1,0,0,0,0,1,0,0,0,0,0,0,0,0,0
2015,"4D SEDAN LE","A",4,"Closed","Above","GRAY","DALLAS",17980,2822,0,1,0,0,0,1,1,0,0,0,0,0,0,0,0,0,0,1,0,0,0
2014,"4D SEDAN LE","A",4,"Open","Avg","SILVER","California",12735,34692,0,1,1,0,0,0,0,0,0,0,0,1,0,0,0,1,0,0,0,0,0
2015,"4D SEDAN SE","A",4,"Open","Above","GRAY","California",18985,3265,1,1,0,0,0,1,0,0,0,0,0,0,0,0,0,1,0,0,0,0,0
2010,"4D SEDAN LE","A",4,"Open","Above","SILVER","ORLANDO",12400,31230,0,1,5,0,0,1,0,0,0,0,0,1,0,0,0,0,0,0,1,0,0
2014,"4D SEDAN SE","A",4,"Closed","Above","GREEN","DENVER",15780,8177,1,1,1,0,0,1,1,0,0,0,0,0,0,1,0,0,0,0,0,0,0
2012,"4D SEDAN SE","M",4,"Open","Below","BLACK","Pennsylvan",13925,36610,1,0,3,0,1,0,0,1,0,0,0,0,0,0,0,0,0,0,0,1,0
2012,"4D SEDAN LE","A",4,"Open","Avg","GRAY","NewJersey",12430,23000,0,1,3,0,0,0,0,0,0,0,0,0,0,0,0,0,0,0,0,0,0
2010,"4D SEDAN LE","A",6,"Open","Below","GOLD","ORLANDO",5640,129954,0,1,5,1,1,0,1,0,0,0,0,0,0,0,1,0,0,0,1,0,0
2014,"4D SEDAN LE","A",4,"Open","Avg","WHITE","ORLANDO",13750,33590,0,1,1,0,0,0,0,0,1,0,0,0,0,0,0,0,0,0,1,0,0
2014,"4D SEDAN LE","A",4,"Open","Avg","WHITE","SEATTLE",13580,25403,0,1,1,0,0,0,0,0,1,0,0,0,0,0,0,0,1,0,0,0,0
2012,"4D SEDAN SE","A",6,"Open","Above","GRAY","OHIO",19310,15810,1,1,3,1,0,1,0,0,0,0,0,0,0,0,0,0,0,0,0,0,1
2012,"4D SEDAN LE","A",6,"Open","Avg","GREEN","BALTWASH",15300,20477,0,1,3,1,0,0,0,0,0,0,0,0,0,1,0,0,0,0,0,0,0
2015,"4D SEDAN SE","M",4,"Open","Below","GRAY","Pennsylvan",17350,24117,1,0,0,0,1,0,0,0,0,0,0,0,0,0,0,0,0,0,0,1,0
2013,"4D SEDAN LE","A",4,"Open","Below","SILVER","BALTWASH",12460,54520,0,1,2,0,1,0,0,0,0,0,0,1,0,0,0,0,0,0,0,0,0
2015,"4D SEDAN SE","A",4,"Open","Avg","BEIGE","ORLANDO",18510,18784,1,1,0,0,0,0,0,0,0,0,0,0,1,0,0,0,0,0,1,0,0
2012,"4D SEDAN SE","A",6,"Open","Avg","BLACK","OHIO",13385,39883,1,1,3,1,0,0,0,1,0,0,0,0,0,0,0,0,0,0,0,0,1
2013,"4D SEDAN SE","A",4,"Closed","Avg","SILVER","ORLANDO",13780,53390,1,1,2,0,0,0,1,0,0,0,0,1,0,0,0,0,0,0,1,0,0
2015,"4D SEDAN LE","A",4,"Closed","Avg","BLACK","ORLANDO",15515,13953,0,1,0,0,0,0,1,1,0,0,0,0,0,0,0,0,0,0,1,0,0
2014,"4D SEDAN LE","M",6,"Closed","Above","GRAY","OHIO",19630,20449,0,0,1,1,0,1,1,0,0,0,0,0,0,0,0,0,0,0,0,0,1
2014,"4D SEDAN LE","A",6,"Open","Avg","BLACK","ORLANDO",18085,15287,0,1,1,1,0,0,0,1,0,0,0,0,0,0,0,0,0,0,1,0,0
2013,"4D SEDAN SE","A",4,"Open","Avg","GRAY","NASHVILL",13590,53460,1,1,2,0,0,0,0,0,0,0,0,0,0,0,0,0,0,0,0,0,0
2013,"4D SEDAN LE","A",4,"Open","Avg","SILVER","California",13505,59180,0,1,2,0,0,0,0,0,0,0,0,1,0,0,0,1,0,0,0,0,0
2012,"4D SEDAN LE","A",4,"Open","Avg","SILVER","ORLANDO",12990,44950,0,1,3,0,0,0,0,0,0,0,0,1,0,0,0,0,0,0,1,0,0
2015,"4D SEDAN LE","A",4,"Closed","Avg","WHITE","OHIO",16480,11531,0,1,0,0,0,0,1,0,1,0,0,0,0,0,0,0,0,0,0,0,1
2012,"4D SEDAN SE","A",4,"Open","Avg","BLACK","ORLANDO",15695,32160,1,1,3,0,0,0,0,1,0,0,0,0,0,0,0,0,0,0,1,0,0
2012,"4D SEDAN SE","A",6,"Open","Avg","BLACK","ORLANDO",18145,39420,1,1,3,1,0,0,0,1,0,0,0,0,0,0,0,0,0,0,1,0,0
2012,"4D SEDAN SE","A",4,"Open","Avg","SILVER","OHIO",14390,33340,1,1,3,0,0,0,0,0,0,0,0,1,0,0,0,0,0,0,0,0,1
2012,"4D SEDAN LE","M",4,"Open","Below","RED","Pennsylvan",12240,63000,0,0,3,0,1,0,0,0,0,1,0,0,0,0,0,0,0,0,0,1,0
2015,"4D SEDAN LE","A",4,"Open","Avg","GRAY","ORLANDO",16850,11758,0,1,0,0,0,0,0,0,0,0,0,0,0,0,0,0,0,0,1,0,0
2010,"4D SEDAN LE","A",4,"Closed","Avg","GRAY","NewJersey",8600,51600,0,1,5,0,0,0,1,0,0,0,0,0,0,0,0,0,0,0,0,0,0
2013,"4D SEDAN LE","A",4,"Open","Avg","GREEN","NEWENGLD",13030,30950,0,1,2,0,0,0,0,0,0,0,0,0,0,1,0,0,0,0,0,0,0
2011,"4D SEDAN LE","A",4,"Open","Avg","WHITE","BALTWASH",8730,83820,0,1,4,0,0,0,0,0,1,0,0,0,0,0,0,0,0,0,0,0,0
2010,"4D SEDAN LE","A",4,"Open","Avg","GRAY","DALLAS",9640,65020,0,1,5,0,0,0,0,0,0,0,0,0,0,0,0,0,0,1,0,0,0
2012,"4D SEDAN LE","A",4,"Open","Avg","RED","California",12575,15050,0,1,3,0,0,0,0,0,0,1,0,0,0,0,0,1,0,0,0,0,0
2013,"4D SEDAN SE","M",6,"Open","Avg","WHITE","DALLAS",16500,29850,1,0,2,1,0,0,0,0,1,0,0,0,0,0,0,0,0,1,0,0,0
2014,"4D SEDAN LE","M",4,"Open","Avg","BLACK","Pennsylvan",13685,20936,0,0,1,0,0,0,0,1,0,0,0,0,0,0,0,0,0,0,0,1,0
2011,"4D SEDAN LE","A",4,"Open","Avg","WHITE","OHIO",8760,78800,0,1,4,0,0,0,0,0,1,0,0,0,0,0,0,0,0,0,0,0,1
2015,"4D SEDAN SE","A",4,"Closed","Avg","BLUE","MILWAUKE",17630,7179,1,1,0,0,0,0,1,0,0,0,1,0,0,0,0,0,0,0,0,0,0
2014,"4D SEDAN LE","A",4,"Open","Avg","BLACK","KansasCity",13035,37367,0,1,1,0,0,0,0,1,0,0,0,0,0,0,0,0,0,0,0,0,0
2015,"4D SEDAN LE","A",4,"Closed","Avg","WHITE","California",17115,15503,0,1,0,0,0,0,1,0,1,0,0,0,0,0,0,1,0,0,0,0,0
2012,"4D SEDAN SE","M",4,"Open","Avg","SILVER","Pennsylvan",14170,43390,1,0,3,0,0,0,0,0,0,0,0,1,0,0,0,0,0,0,0,1,0
2010,"4D SEDAN SE","A",4,"Open","Avg","SILVER","NEWENGLD",8950,101990,1,1,5,0,0,0,0,0,0,0,0,1,0,0,0,0,0,0,0,0,0
2011,"4D SEDAN SE","M",4,"Open","Below","WHITE","Pennsylvan",7930,113840,1,0,4,0,1,0,0,0,1,0,0,0,0,0,0,0,0,0,0,1,0
2011,"4D SEDAN LE","A",4,"Open","Avg","BLACK","DENVER",10765,76290,0,1,4,0,0,0,0,1,0,0,0,0,0,0,0,0,0,0,0,0,0
2015,"4D SEDAN SE","A",4,"Open","Avg","BLUE","DENVER",17950,18536,1,1,0,0,0,0,0,0,0,0,1,0,0,0,0,0,0,0,0,0,0
2012,"4D SEDAN SE","M",6,"Open","Avg","BEIGE","NASHVILL",17300,48530,1,0,3,1,0,0,0,0,0,0,0,0,1,0,0,0,0,0,0,0,0
2015,"4D SEDAN SE","A",4,"Open","Below","BEIGE","ORLANDO",16960,18772,1,1,0,0,1,0,0,0,0,0,0,0,1,0,0,0,0,0,1,0,0
2014,"4D SEDAN LE","M",4,"Closed","Avg","SILVER","ATLANTA",13530,46301,0,0,1,0,0,0,1,0,0,0,0,1,0,0,0,0,0,0,0,0,0
2012,"4D SEDAN LE","A",4,"Open","Avg","SILVER","BALTWASH",13080,39130,0,1,3,0,0,0,0,0,0,0,0,1,0,0,0,0,0,0,0,0,0
2012,"4D SEDAN LE","M",4,"Open","Above","GOLD","ATLANTA",14370,18330,0,0,3,0,0,1,0,0,0,0,0,0,0,0,1,0,0,0,0,0,0
2013,"4D SEDAN LE","A",4,"Open","Avg","BLUE","BALTWASH",12330,52430,0,1,2,0,0,0,0,0,0,0,1,0,0,0,0,0,0,0,0,0,0
2010,"4D SEDAN LE","A",4,"Open","Avg","SILVER","DENVER",9150,71660,0,1,5,0,0,0,0,0,0,0,0,1,0,0,0,0,0,0,0,0,0
2012,"4D SEDAN LE","A",6,"Open","Avg","RED","OHIO",14300,39691,0,1,3,1,0,0,0,0,0,1,0,0,0,0,0,0,0,0,0,0,1
2010,"4D SEDAN LE","A",4,"Closed","Avg","GREEN","ATLANTA",10210,60890,0,1,5,0,0,0,1,0,0,0,0,0,0,1,0,0,0,0,0,0,0
2011,"4D SEDAN SE","A",4,"Open","Above","GRAY","California",12745,72750,1,1,4,0,0,1,0,0,0,0,0,0,0,0,0,1,0,0,0,0,0
2012,"4D SEDAN SE","A",4,"Closed","Above","WHITE","ATLANTA",16190,25540,1,1,3,0,0,1,1,0,1,0,0,0,0,0,0,0,0,0,0,0,0
2011,"4D SEDAN SE","A",6,"Open","Below","GRAY","SEATTLE",7930,69647,1,1,4,1,1,0,0,0,0,0,0,0,0,0,0,0,1,0,0,0,0
2015,"4D SEDAN SE","A",4,"Open","Avg","BLUE","California",17935,16617,1,1,0,0,0,0,0,0,0,0,1,0,0,0,0,1,0,0,0,0,0
2012,"4D SEDAN SE","A",4,"Open","Avg","SILVER","NASHVILL",14050,44280,1,1,3,0,0,0,0,0,0,0,0,1,0,0,0,0,0,0,0,0,0
2010,"4D SEDAN LE","A",4,"Open","Below","GRAY","NASHVILL",6670,169020,0,1,5,0,1,0,0,0,0,0,0,0,0,0,0,0,0,0,0,0,0
2011,"4D SEDAN LE","A",4,"Open","Avg","WHITE","NASHVILL",8960,120090,0,1,4,0,0,0,1,0,1,0,0,0,0,0,0,0,0,0,0,0,0
2014,"4D SEDAN LE","A",4,"Open","Avg","BLACK","SEATTLE",14415,28450,0,1,1,0,0,0,0,1,0,0,0,0,0,0,0,0,1,0,0,0,0
2012,"4D SEDAN SE","A",4,"Open","Avg","BLACK","BALTWASH",14305,42720,1,1,3,0,0,0,0,1,0,0,0,0,0,0,0,0,0,0,0,0,0
2012,"4D SEDAN LE","M",4,"Open","Avg","BLACK","NewJersey",12635,47290,0,0,3,0,0,0,0,1,0,0,0,0,0,0,0,0,0,0,0,0,0
2015,"4D SEDAN SE","A",4,"Open","Avg","BLACK","ORLANDO",17585,5870,1,1,0,0,0,0,0,1,0,0,0,0,0,0,0,0,0,0,1,0,0
2013,"4D SEDAN LE","A",4,"Open","Avg","GREEN","NEWENGLD",11990,45130,0,1,2,0,0,0,0,0,0,0,0,0,0,1,0,0,0,0,0,0,0
2011,"4D SEDAN SE","M",6,"Open","Avg","BLACK","DALLAS",14735,40390,1,0,4,1,0,0,0,1,0,0,0,0,0,0,0,0,0,1,0,0,0
2012,"4D SEDAN SE","A",6,"Open","Avg","BLACK","ATLANTA",17805,34600,1,1,3,1,0,0,0,1,0,0,0,0,0,0,0,0,0,0,0,0,0
2015,"4D SEDAN SE","A",4,"Open","Avg","BLACK","California",17020,17303,1,1,0,0,0,0,0,1,0,0,0,0,0,0,0,1,0,0,0,0,0
2012,"4D SEDAN LE","A",6,"Open","Avg","BLACK","DALLAS",15335,44929,0,1,3,1,0,0,0,1,0,0,0,0,0,0,0,0,0,1,0,0,0
2012,"4D SEDAN SE","A",4,"Open","Avg","BLACK","ATLANTA",13915,33220,1,1,3,0,0,0,0,1,0,0,0,0,0,0,0,0,0,0,0,0,0
2015,"4D SEDAN SE","A",4,"Open","Avg","GRAY","DALLAS",18200,18586,1,1,0,0,0,0,0,0,0,0,0,0,0,0,0,0,0,1,0,0,0
2014,"4D SEDAN SE","A",4,"Closed","Avg","WHITE","DALLAS",13130,40474,1,1,1,0,0,0,1,0,1,0,0,0,0,0,0,0,0,1,0,0,0
2015,"4D SEDAN LE","A",4,"Closed","Avg","WHITE","ORLANDO",16280,11923,0,1,0,0,0,0,1,0,1,0,0,0,0,0,0,0,0,0,1,0,0
2012,"4D SEDAN LE","A",6,"Open","Avg","WHITE","OHIO",14550,40217,0,1,3,1,0,0,0,0,1,0,0,0,0,0,0,0,0,0,0,0,1
2012,"4D SEDAN SE","A",4,"Open","Avg","GRAY","ORLANDO",14630,21800,1,1,3,0,0,0,0,0,0,0,0,0,0,0,0,0,0,0,1,0,0
2011,"4D SEDAN LE","A",4,"Open","Above","GRAY","California",11305,35560,0,1,4,0,0,1,0,0,0,0,0,0,0,0,0,1,0,0,0,0,0
2015,"4D SEDAN SE","A",4,"Closed","Avg","BLACK","California",17350,24035,1,1,0,0,0,0,1,1,0,0,0,0,0,0,0,1,0,0,0,0,0
2012,"4D SEDAN SE","A",6,"Open","Avg","BLACK","NewJersey",15995,42420,1,1,3,1,0,0,0,1,0,0,0,0,0,0,0,0,0,0,0,0,0
2010,"4D SEDAN LE","A",4,"Open","Avg","SILVER","DENVER",7700,121260,0,1,5,0,0,0,1,0,0,0,0,1,0,0,0,0,0,0,0,0,0
2013,"4D SEDAN SE","A",4,"Open","Avg","BLACK","MILWAUKE",13435,49560,1,1,2,0,0,0,0,1,0,0,0,0,0,0,0,0,0,0,0,0,0
2012,"4D SEDAN SE","A",6,"Open","Avg","BLACK","MILWAUKE",13785,37925,1,1,3,1,0,0,0,1,0,0,0,0,0,0,0,0,0,0,0,0,0
2014,"4D SEDAN SE","M",4,"Closed","Above","GRAY","Pennsylvan",14980,15968,1,0,1,0,0,1,1,0,0,0,0,0,0,0,0,0,0,0,0,1,0
2014,"4D SEDAN SE","A",4,"Closed","Avg","GRAY","MILWAUKE",13430,36870,1,1,1,0,0,0,1,0,0,0,0,0,0,0,0,0,0,0,0,0,0
2012,"4D SEDAN LE","A",4,"Open","Avg","GREEN","ATLANTA",12980,38030,0,1,3,0,0,0,0,0,0,0,0,0,0,1,0,0,0,0,0,0,0
2012,"4D SEDAN LE","M",6,"Open","Avg","GRAY","Pennsylvan",15550,29161,0,0,3,1,0,0,0,0,0,0,0,0,0,0,0,0,0,0,0,1,0
2014,"4D SEDAN SE","A",4,"Open","Avg","BLACK","DENVER",13985,41249,1,1,1,0,0,0,0,1,0,0,0,0,0,0,0,0,0,0,0,0,0
2012,"4D SEDAN SE","A",4,"Open","Avg","SILVER","ORLANDO",15240,21490,1,1,3,0,0,0,0,0,0,0,0,1,0,0,0,0,0,0,1,0,0
2014,"4D SEDAN LE","A",4,"Open","Avg","SILVER","DALLAS",12550,36994,0,1,1,0,0,0,0,0,0,0,0,1,0,0,0,0,0,1,0,0,0
2013,"4D SEDAN SE","A",4,"Open","Avg","WHITE","BALTWASH",12970,54670,1,1,2,0,0,0,0,0,1,0,0,0,0,0,0,0,0,0,0,0,0
2013,"4D SEDAN SE","A",4,"Open","Avg","GRAY","ORLANDO",12920,57040,1,1,2,0,0,0,0,0,0,0,0,0,0,0,0,0,0,0,1,0,0
2011,"4D SEDAN LE","A",6,"Open","Above","GRAY","ORLANDO",12700,63364,0,1,4,1,0,1,0,0,0,0,0,0,0,0,0,0,0,0,1,0,0
2012,"4D SEDAN SE","A",4,"Open","Avg","SILVER","ORLANDO",14440,33780,1,1,3,0,0,0,0,0,0,0,0,1,0,0,0,0,0,0,1,0,0
2014,"4D SEDAN SE","A",4,"Closed","Avg","BLACK","KansasCity",14065,27227,1,1,1,0,0,0,1,1,0,0,0,0,0,0,0,0,0,0,0,0,0
2015,"4D SEDAN SE","A",4,"Open","Below","BLUE","ORLANDO",13900,4866,1,1,0,0,1,0,0,0,0,0,1,0,0,0,0,0,0,0,1,0,0
2014,"4D SEDAN LE","A",4,"Open","Avg","SILVER","ORLANDO",13650,21831,0,1,1,0,0,0,0,0,0,0,0,1,0,0,0,0,0,0,1,0,0
2013,"4D SEDAN SE","A",4,"Closed","Below","RED","ORLANDO",12050,53990,1,1,2,0,1,0,1,0,0,1,0,0,0,0,0,0,0,0,1,0,0
2012,"4D SEDAN SE","A",6,"Open","Avg","BLUE","OHIO",15650,27150,1,1,3,1,0,0,0,0,0,0,1,0,0,0,0,0,0,0,0,0,1
2014,"4D SEDAN SE","A",4,"Closed","Avg","GRAY","ORLANDO",13730,40827,1,1,1,0,0,0,1,0,0,0,0,0,0,0,0,0,0,0,1,0,0
2012,"4D SEDAN LE","A",6,"Open","Avg","BLACK","OHIO",14935,36501,0,1,3,1,0,0,0,1,0,0,0,0,0,0,0,0,0,0,0,0,1
2012,"4D SEDAN SE","A",6,"Open","Avg","BLACK","NASHVILL",16995,52620,1,1,3,1,0,0,0,1,0,0,0,0,0,0,0,0,0,0,0,0,0
2012,"4D SEDAN LE","A",4,"Open","Avg","GRAY","ATLANTA",13060,35770,0,1,3,0,0,0,0,0,0,0,0,0,0,0,0,0,0,0,0,0,0
2010,"4D SEDAN LE","M",4,"Open","Avg","RED","Pennsylvan",8530,91770,0,0,5,0,0,0,0,0,0,1,0,0,0,0,0,0,0,0,0,1,0
2012,"4D SEDAN LE","M",4,"Open","Avg","GREEN","Pennsylvan",13920,24140,0,0,3,0,0,0,0,0,0,0,0,0,0,1,0,0,0,0,0,1,0
2015,"4D SEDAN LE","A",4,"Closed","Avg","BLUE","ORLANDO",16580,12440,0,1,0,0,0,0,1,0,0,0,1,0,0,0,0,0,0,0,1,0,0
2010,"4D SEDAN SE","A",4,"Open","Avg","BLACK","ORLANDO",9135,75270,1,1,5,0,0,0,0,1,0,0,0,0,0,0,0,0,0,0,1,0,0
2014,"4D SEDAN LE","A",4,"Closed","Above","BLACK","ORLANDO",14615,15572,0,1,1,0,0,1,1,1,0,0,0,0,0,0,0,0,0,0,1,0,0
2014,"4D SEDAN LE","A",4,"Closed","Avg","SILVER","ATLANTA",13280,33090,0,1,1,0,0,0,1,0,0,0,0,1,0,0,0,0,0,0,0,0,0
2011,"4D SEDAN SE","A",4,"Open","Above","BLACK","DALLAS",13515,35500,1,1,4,0,0,1,0,1,0,0,0,0,0,0,0,0,0,1,0,0,0
2015,"4D SEDAN SE","A",4,"Open","Below","WHITE","California",16535,19564,1,1,0,0,1,0,0,0,1,0,0,0,0,0,0,1,0,0,0,0,0
2015,"4D SEDAN SE","A",4,"Open","Below","WHITE","ATLANTA",17100,26159,1,1,0,0,1,0,0,0,1,0,0,0,0,0,0,0,0,0,0,0,0
2013,"4D SEDAN LE","A",4,"Open","Avg","WHITE","DALLAS",13550,39820,0,1,2,0,0,0,0,0,0,0,0,0,0,0,0,0,0,1,0,0,0
2012,"4D SEDAN SE","A",6,"Open","Below","GRAY","MILWAUKE",11050,22056,1,1,3,1,1,0,0,0,0,0,0,0,0,0,0,0,0,0,0,0,0
2015,"4D SEDAN SE","A",4,"Closed","Avg","WHITE","SEATTLE",19160,13039,1,1,0,0,0,0,1,0,1,0,0,0,0,0,0,0,1,0,0,0,0
2013,"4D SEDAN SE","A",6,"Open","Avg","BLACK","NewJersey",16095,17930,1,1,2,1,0,0,0,1,0,0,0,0,0,0,0,0,0,0,0,0,0
2014,"4D SEDAN SE","A",6,"Open","Avg","WHITE","OHIO",13250,53949,1,1,1,1,0,0,0,0,1,0,0,0,0,0,0,0,0,0,0,0,1
2011,"4D SEDAN LE","A",4,"Open","Avg","SILVER","ATLANTA",9930,94190,0,1,4,0,0,0,0,0,0,0,0,1,0,0,0,0,0,0,0,0,0
2012,"4D SEDAN SE","A",6,"Open","Above","BLACK","DENVER",16785,27623,1,1,3,1,0,1,0,1,0,0,0,0,0,0,0,0,0,0,0,0,0
2015,"4D SEDAN SE","A",6,"Closed","Above","RED","OHIO",26730,2261,1,1,0,1,0,1,1,0,0,1,0,0,0,0,0,0,0,0,0,0,1
2013,"4D SEDAN SE","A",6,"Closed","Avg","RED","DALLAS",18320,20040,1,1,2,1,0,0,1,0,0,1,0,0,0,0,0,0,0,1,0,0,0
2015,"4D SEDAN SE","M",4,"Closed","Above","BLACK","ATLANTA",19215,8052,1,0,0,0,0,1,1,1,0,0,0,0,0,0,0,0,0,0,0,0,0
2010,"4D SEDAN SE","A",4,"Open","Avg","WHITE","MILWAUKE",9160,117630,1,1,5,0,0,0,0,0,1,0,0,0,0,0,0,0,0,0,0,0,0
2012,"4D SEDAN SE","A",4,"Open","Avg","BLACK","MILWAUKE",14745,35760,1,1,3,0,0,0,0,1,0,0,0,0,0,0,0,0,0,0,0,0,0
2012,"4D SEDAN SE","A",6,"Open","Above","WHITE","NASHVILL",16350,20525,1,1,3,1,0,1,0,0,1,0,0,0,0,0,0,0,0,0,0,0,0
2012,"4D SEDAN SE","A",6,"Open","Avg","BLACK","ATLANTA",18175,30050,1,1,3,1,0,0,0,1,0,0,0,0,0,0,0,0,0,0,0,0,0
2014,"4D SEDAN SE","A",4,"Closed","Avg","RED","DALLAS",13080,40806,1,1,1,0,0,0,1,0,0,1,0,0,0,0,0,0,0,1,0,0,0
2013,"4D SEDAN SE","A",4,"Open","Avg","WHITE","OHIO",14350,51090,1,1,2,0,0,0,0,0,1,0,0,0,0,0,0,0,0,0,0,0,1
2011,"4D SEDAN LE","A",6,"Open","Avg","WHITE","DALLAS",9600,74172,0,1,4,1,0,0,0,0,1,0,0,0,0,0,0,0,0,1,0,0,0
2013,"4D SEDAN LE","M",4,"Open","Avg","GRAY","Pennsylvan",13420,37000,0,0,2,0,0,0,0,0,0,0,0,0,0,0,0,0,0,0,0,1,0
2013,"4D SEDAN LE","A",4,"Open","Above","GRAY","SEATTLE",15760,5940,0,1,2,0,0,1,0,0,0,0,0,0,0,0,0,0,1,0,0,0,0
2012,"4D SEDAN LE","A",4,"Open","Avg","SILVER","BALTWASH",13100,35810,0,1,3,0,0,0,0,0,0,0,0,1,0,0,0,0,0,0,0,0,0
2010,"4D SEDAN SE","A",4,"Open","Avg","RED","DALLAS",8510,148370,1,1,5,0,0,0,1,0,0,1,0,0,0,0,0,0,0,1,0,0,0
2010,"4D SEDAN LE","M",4,"Open","Below","SILVER","DALLAS",7240,137660,0,0,5,0,1,0,0,0,0,0,0,1,0,0,0,0,0,1,0,0,0
2015,"4D SEDAN LE","A",4,"Open","Avg","SILVER","DALLAS",16150,21720,0,1,0,0,0,0,0,0,0,0,0,1,0,0,0,0,0,1,0,0,0
2010,"4D SEDAN LE","A",4,"Closed","Above","SILVER","Pennsylvan",12240,47530,0,1,5,0,0,1,1,0,0,0,0,1,0,0,0,0,0,0,0,1,0
2012,"4D SEDAN SE","A",6,"Open","Below","GRAY","MILWAUKE",10150,97360,1,1,3,1,1,0,0,0,0,0,0,0,0,0,0,0,0,0,0,0,0
2015,"4D SEDAN SE","A",4,"Open","Below","BLUE","BALTWASH",17500,11993,1,1,0,0,1,0,0,0,0,0,1,0,0,0,0,0,0,0,0,0,0
2014,"4D SEDAN SE","M",4,"Open","Avg","BLACK","Pennsylvan",12885,35632,1,0,1,0,0,0,0,1,0,0,0,0,0,0,0,0,0,0,0,1,0
2015,"4D SEDAN SE","A",4,"Open","Above","GREEN","OHIO",18450,18217,1,1,0,0,0,1,0,0,0,0,0,0,0,1,0,0,0,0,0,0,1
2013,"4D SEDAN LE","A",4,"Closed","Avg","RED","ORLANDO",13220,33470,0,1,2,0,0,0,1,0,0,1,0,0,0,0,0,0,0,0,1,0,0
2010,"4D SEDAN LE","A",4,"Open","Avg","GRAY","California",10235,91140,0,1,5,0,0,0,0,0,0,0,0,0,0,0,0,1,0,0,0,0,0
2010,"4D SEDAN LE","A",4,"Closed","Avg","SILVER","DENVER",10140,81630,0,1,5,0,0,0,1,0,0,0,0,1,0,0,0,0,0,0,0,0,0
2012,"4D SEDAN LE","A",4,"Open","Avg","SILVER","SEATTLE",13940,44490,0,1,3,0,0,0,0,0,0,0,0,1,0,0,0,0,1,0,0,0,0
2013,"4D SEDAN LE","A",4,"Open","Below","SILVER","DALLAS",10650,54070,0,1,2,0,1,0,0,0,0,0,0,1,0,0,0,0,0,1,0,0,0
2013,"4D SEDAN SE","A",4,"Open","Below","GRAY","DENVER",12890,54180,1,1,2,0,1,0,0,0,0,0,0,0,0,0,0,0,0,0,0,0,0
2013,"4D SEDAN SE","A",4,"Open","Above","WHITE","California",17285,22150,1,1,2,0,0,1,0,0,1,0,0,0,0,0,0,1,0,0,0,0,0
2012,"4D SEDAN SE","A",4,"Open","Avg","BLACK","California",15260,28350,1,1,3,0,0,0,0,1,0,0,0,0,0,0,0,1,0,0,0,0,0
2010,"4D SEDAN LE","A",4,"Closed","Avg","GRAY","OHIO",8960,71920,0,1,5,0,0,0,1,0,0,0,0,0,0,0,0,0,0,0,0,0,1
2014,"4D SEDAN SE","A",4,"Open","Avg","BLACK","DALLAS",13935,42308,1,1,1,0,0,0,0,1,0,0,0,0,0,0,0,0,0,1,0,0,0
2014,"4D SEDAN SE","M",4,"Closed","Avg","WHITE","Pennsylvan",14530,33414,1,0,1,0,0,0,1,0,1,0,0,0,0,0,0,0,0,0,0,1,0
2015,"4D SEDAN SE","A",4,"Open","Above","GOLD","OHIO",18410,18091,1,1,0,0,0,1,0,0,0,0,0,0,0,0,1,0,0,0,0,0,1
2013,"4D SEDAN LE","M",4,"Closed","Above","RED","Pennsylvan",15000,7640,0,0,2,0,0,1,1,0,0,1,0,0,0,0,0,0,0,0,0,1,0
2011,"4D SEDAN LE","A",4,"Open","Avg","GRAY","ORLANDO",10740,24020,0,1,4,0,0,0,0,0,0,0,0,0,0,0,0,0,0,0,1,0,0
2012,"4D SEDAN SE","A",6,"Open","Avg","BLACK","BALTWASH",13185,66903,1,1,3,1,0,0,0,1,0,0,0,0,0,0,0,0,0,0,0,0,0
2012,"4D SEDAN SE","A",6,"Open","Avg","GRAY","California",16515,33160,1,1,3,1,0,0,0,0,0,0,0,0,0,0,0,1,0,0,0,0,0
2013,"4D SEDAN LE","A",4,"Open","Above","GRAY","SEATTLE",16150,18130,0,1,2,0,0,1,0,0,0,0,0,0,0,0,0,0,1,0,0,0,0
2012,"4D SEDAN SE","A",6,"Open","Avg","GRAY","DALLAS",13450,33403,1,1,3,1,0,0,0,0,0,0,0,0,0,0,0,0,0,1,0,0,0
2011,"4D SEDAN LE","A",4,"Open","Avg","BLACK","KansasCity",11105,76480,0,1,4,0,0,0,0,1,0,0,0,0,0,0,0,0,0,0,0,0,0
2013,"4D SEDAN SE","A",6,"Closed","Avg","BLACK","ATLANTA",17215,36329,1,1,2,1,0,0,1,1,0,0,0,0,0,0,0,0,0,0,0,0,0
2013,"4D SEDAN LE","A",4,"Open","Above","WHITE","California",14455,24210,0,1,2,0,0,1,0,0,1,0,0,0,0,0,0,1,0,0,0,0,0
2014,"4D SEDAN LE","A",4,"Closed","Below","BLACK","ORLANDO",9865,56634,0,1,1,0,1,0,1,1,0,0,0,0,0,0,0,0,0,0,1,0,0
2010,"4D SEDAN SE","A",4,"Open","Avg","SILVER","NASHVILL",9320,90950,1,1,5,0,0,0,0,0,0,0,0,1,0,0,0,0,0,0,0,0,0
2014,"4D SEDAN LE","M",4,"Open","Avg","SILVER","DALLAS",11750,31364,0,0,1,0,0,0,0,0,0,0,0,1,0,0,0,0,0,1,0,0,0
2012,"4D SEDAN SE","M",4,"Closed","Avg","SILVER","Pennsylvan",14780,41850,1,0,3,0,0,0,1,0,0,0,0,1,0,0,0,0,0,0,0,1,0
2012,"4D SEDAN LE","A",4,"Open","Above","SILVER","ORLANDO",14350,25490,0,1,3,0,0,1,0,0,0,0,0,1,0,0,0,0,0,0,1,0,0
2014,"4D SEDAN SE","A",4,"Closed","Above","WHITE","ATLANTA",17080,14378,1,1,1,0,0,1,1,0,1,0,0,0,0,0,0,0,0,0,0,0,0
2013,"4D SEDAN SE","A",4,"Open","Avg","GRAY","OHIO",12780,54130,1,1,2,0,0,0,0,0,0,0,0,0,0,0,0,0,0,0,0,0,1
2013,"4D SEDAN SE","A",6,"Open","Avg","WHITE","NewJersey",16900,22847,1,1,2,1,0,0,0,0,1,0,0,0,0,0,0,0,0,0,0,0,0
2012,"4D SEDAN LE","A",6,"Open","Avg","BLACK","ATLANTA",15435,26706,0,1,3,1,0,0,0,1,0,0,0,0,0,0,0,0,0,0,0,0,0
2012,"4D SEDAN SE","A",6,"Open","Avg","RED","OHIO",18580,30150,1,1,3,1,0,0,0,0,0,1,0,0,0,0,0,0,0,0,0,0,1
2014,"4D SEDAN LE","M",4,"Open","Avg","BLUE","DALLAS",14100,30558,0,0,1,0,0,0,0,0,0,0,1,0,0,0,0,0,0,1,0,0,0
2013,"4D SEDAN SE","M",4,"Closed","Avg","BLACK","BALTWASH",13375,54220,1,0,2,0,0,0,1,1,0,0,0,0,0,0,0,0,0,0,0,0,0
2012,"4D SEDAN SE","A",4,"Open","Below","BLACK","NewJersey",13375,37460,1,1,3,0,1,0,0,1,0,0,0,0,0,0,0,0,0,0,0,0,0
2012,"4D SEDAN SE","A",4,"Open","Avg","GRAY","MILWAUKE",13950,43520,1,1,3,0,0,0,0,0,0,0,0,0,0,0,0,0,0,0,0,0,0
2015,"4D SEDAN LE","A",4,"Open","Avg","GRAY","ATLANTA",15950,26997,0,1,0,0,0,0,0,0,0,0,0,0,0,0,0,0,0,0,0,0,0
2014,"4D SEDAN SE","A",4,"Open","Above","GRAY","ORLANDO",14800,21107,1,1,1,0,0,1,0,0,0,0,0,0,0,0,0,0,0,0,1,0,0
2015,"4D SEDAN LE","A",4,"Open","Avg","GRAY","DENVER",16400,21623,0,1,0,0,0,0,0,0,0,0,0,0,0,0,0,0,0,0,0,0,0
2012,"4D SEDAN LE","A",4,"Open","Above","GOLD","ORLANDO",14880,18900,0,1,3,0,0,1,0,0,0,0,0,0,0,0,1,0,0,0,1,0,0
2013,"4D SEDAN LE","A",4,"Open","Avg","BLACK","ORLANDO",12665,66340,0,1,2,0,0,0,0,1,0,0,0,0,0,0,0,0,0,0,1,0,0
2010,"4D SEDAN LE","M",4,"Open","Above","SILVER","Pennsylvan",11310,50300,0,0,5,0,0,1,0,0,0,0,0,1,0,0,0,0,0,0,0,1,0
2014,"4D SEDAN SE","A",4,"Open","Avg","SILVER","DALLAS",13900,36313,1,1,1,0,0,0,0,0,0,0,0,1,0,0,0,0,0,1,0,0,0
2015,"4D SEDAN LE","A",4,"Open","Avg","GRAY","ORLANDO",16350,12676,0,1,0,0,0,0,0,0,0,0,0,0,0,0,0,0,0,0,1,0,0
2010,"4D SEDAN LE","A",4,"Open","Avg","GREEN","BALTWASH",8000,105870,0,1,5,0,0,0,0,0,0,0,0,0,0,1,0,0,0,0,0,0,0
2013,"4D SEDAN LE","A",4,"Open","Above","GRAY","ATLANTA",14770,21360,0,1,2,0,0,1,0,0,0,0,0,0,0,0,0,0,0,0,0,0,0
2011,"4D SEDAN LE","A",4,"Open","Below","BLUE","OHIO",4320,130890,0,1,4,0,1,0,0,0,1,0,0,0,0,0,0,0,0,0,0,0,1
2010,"4D SEDAN LE","A",4,"Open","Below","BLUE","NASHVILL",5510,65150,0,1,5,0,1,0,0,0,0,0,0,0,0,0,0,0,0,0,0,0,0
2010,"4D SEDAN SE","A",6,"Open","Above","BLACK","California",14150,52350,1,1,5,1,0,1,0,1,0,0,0,0,0,0,0,1,0,0,0,0,0
2015,"4D SEDAN SE","M",4,"Open","Avg","BLACK","Pennsylvan",17685,17679,1,0,0,0,0,0,0,1,0,0,0,0,0,0,0,0,0,0,0,1,0
2014,"4D SEDAN LE","A",4,"Open","Avg","SILVER","NorthCarol",13300,36188,0,1,1,0,0,0,0,0,0,0,0,1,0,0,0,0,0,0,0,0,0
2010,"4D SEDAN SE","A",4,"Open","Avg","GRAY","ATLANTA",7690,148320,1,1,5,0,0,0,0,0,0,0,0,0,0,0,0,0,0,0,0,0,0
2010,"4D SEDAN SE","A",4,"Open","Avg","RED","NorthCarol",9950,81540,1,1,5,0,0,0,0,0,0,1,0,0,0,0,0,0,0,0,0,0,0
2014,"4D SEDAN SE","A",4,"Open","Avg","BLUE","NewJersey",12900,40075,1,1,1,0,0,0,0,0,0,0,1,0,0,0,0,0,0,0,0,0,0
2011,"4D SEDAN SE","A",4,"Open","Avg","BLUE","OHIO",11010,51840,1,1,4,0,0,0,0,0,0,0,1,0,0,0,0,0,0,0,0,0,1
2011,"4D SEDAN SE","A",4,"Closed","Avg","BLACK","Pennsylvan",10085,70600,1,1,4,0,0,0,1,1,0,0,0,0,0,0,0,0,0,0,0,1,0
2010,"4D SEDAN LE","A",4,"Open","Avg","GRAY","NewJersey",9830,69950,0,1,5,0,0,0,0,0,0,0,0,0,0,0,0,0,0,0,0,0,0
2011,"4D SEDAN LE","A",4,"Closed","Above","WHITE","ORLANDO",12160,58720,0,1,4,0,0,1,1,0,1,0,0,0,0,0,0,0,0,0,1,0,0
2012,"4D SEDAN SE","A",4,"Open","Avg","RED","DALLAS",14320,51490,1,1,3,0,0,0,0,0,0,1,0,0,0,0,0,0,0,1,0,0,0
2012,"4D SEDAN SE","A",4,"Open","Below","RED","OHIO",13300,57580,1,1,3,0,1,0,0,0,0,1,0,0,0,0,0,0,0,0,0,0,1
2012,"4D SEDAN SE","A",6,"Open","Below","GRAY","NASHVILL",12650,87122,1,1,3,1,1,0,0,0,0,0,0,0,0,0,0,0,0,0,0,0,0
2012,"4D SEDAN SE","A",4,"Open","Avg","RED","DALLAS",15000,33850,1,1,3,0,0,0,0,0,0,1,0,0,0,0,0,0,0,1,0,0,0
2013,"4D SEDAN SE","A",4,"Open","Avg","SILVER","ORLANDO",13530,53720,1,1,2,0,0,0,0,0,0,0,0,1,0,0,0,0,0,0,1,0,0
2014,"4D SEDAN LE","A",4,"Closed","Avg","BLUE","California",12915,29043,0,1,1,0,0,0,1,0,0,0,1,0,0,0,0,1,0,0,0,0,0
2014,"4D SEDAN SE","A",6,"Open","Above","BLACK","ATLANTA",18435,17233,1,1,1,1,0,1,0,1,0,0,0,0,0,0,0,0,0,0,0,0,0
2014,"4D SEDAN SE","A",4,"Closed","Avg","WHITE","OHIO",13180,30097,1,1,1,0,0,0,1,0,1,0,0,0,0,0,0,0,0,0,0,0,1
2010,"4D SEDAN LE","A",4,"Open","Avg","GREEN","ORLANDO",8970,77480,0,1,5,0,0,0,0,0,0,0,0,0,0,1,0,0,0,0,1,0,0
2010,"4D SEDAN SE","A",4,"Open","Avg","GRAY","NEWENGLD",8340,130520,1,1,5,0,0,0,1,0,0,0,0,0,0,0,0,0,0,0,0,0,0
2014,"4D SEDAN LE","A",6,"Open","Avg","WHITE","OHIO",19300,32026,0,1,1,1,0,0,0,0,1,0,0,0,0,0,0,0,0,0,0,0,1
2010,"4D SEDAN LE","A",4,"Closed","Avg","SILVER","NewJersey",8930,84110,0,1,5,0,0,0,1,0,0,0,0,1,0,0,0,0,0,0,0,0,0
2010,"4D SEDAN LE","M",6,"Open","Above","WHITE","Pennsylvan",11750,72430,0,0,5,1,0,1,0,0,1,0,0,0,0,0,0,0,0,0,0,1,0
2011,"4D SEDAN SE","A",4,"Open","Avg","BLUE","California",11845,71590,1,1,4,0,0,0,0,0,0,0,1,0,0,0,0,1,0,0,0,0,0
2015,"4D SEDAN LE","A",4,"Open","Avg","GRAY","OHIO",15500,16760,0,1,0,0,0,0,0,0,0,0,0,0,0,0,0,0,0,0,0,0,1
2011,"4D SEDAN SE","A",4,"Open","Avg","GRAY","ORLANDO",9790,71770,1,1,4,0,0,0,0,0,0,0,0,0,0,0,0,0,0,0,1,0,0
2012,"4D SEDAN LE","A",4,"Open","Avg","GOLD","ATLANTA",13670,31980,0,1,3,0,0,0,0,0,0,0,0,0,0,0,1,0,0,0,0,0,0
2012,"4D SEDAN LE","A",4,"Open","Avg","SILVER","ORLANDO",12540,41220,0,1,3,0,0,0,0,0,0,0,0,1,0,0,0,0,0,0,1,0,0
2010,"4D SEDAN SE","M",4,"Open","Avg","GRAY","Pennsylvan",9480,99150,1,0,5,0,0,0,1,0,0,0,0,0,0,0,0,0,0,0,0,1,0
2012,"4D SEDAN SE","A",6,"Open","Above","BLACK","ATLANTA",16685,41456,1,1,3,1,0,1,0,1,0,0,0,0,0,0,0,0,0,0,0,0,0
2012,"4D SEDAN LE","A",4,"Closed","Avg","WHITE","MILWAUKE",12370,66260,0,1,3,0,0,0,1,0,1,0,0,0,0,0,0,0,0,0,0,0,0
2013,"4D SEDAN SE","A",4,"Open","Avg","GRAY","Pennsylvan",13220,52350,1,1,2,0,0,0,0,0,0,0,0,0,0,0,0,0,0,0,0,1,0
2014,"4D SEDAN SE","A",4,"Closed","Avg","GRAY","DENVER",12280,43588,1,1,1,0,0,0,1,0,0,0,0,0,0,0,0,0,0,0,0,0,0
2015,"4D SEDAN LE","A",4,"Closed","Below","WHITE","MILWAUKE",15730,14178,0,1,0,0,1,0,1,0,1,0,0,0,0,0,0,0,0,0,0,0,0
2012,"4D SEDAN SE","A",6,"Open","Avg","RED","NASHVILL",16040,52880,1,1,3,1,0,0,0,0,0,1,0,0,0,0,0,0,0,0,0,0,0
2011,"4D SEDAN LE","A",4,"Open","Avg","GRAY","ORLANDO",9160,80470,0,1,4,0,0,0,0,0,0,0,0,0,0,0,0,0,0,0,1,0,0
2015,"4D SEDAN SE","A",4,"Open","Avg","GRAY","California",17485,18241,1,1,0,0,0,0,0,0,0,0,0,0,0,0,0,1,0,0,0,0,0
2012,"4D SEDAN SE","A",4,"Open","Avg","RED","NewJersey",14340,35130,1,1,3,0,0,0,0,0,0,1,0,0,0,0,0,0,0,0,0,0,0
2011,"4D SEDAN LE","A",4,"Closed","Above","GRAY","DALLAS",11170,50090,0,1,4,0,0,1,1,0,0,0,0,0,0,0,0,0,0,1,0,0,0
2015,"4D SEDAN LE","A",4,"Closed","Avg","BLACK","ORLANDO",16765,13555,0,1,0,0,0,0,1,1,0,0,0,0,0,0,0,0,0,0,1,0,0
2012,"4D SEDAN SE","A",6,"Open","Avg","SILVER","MILWAUKE",13250,43852,1,1,3,1,0,0,0,0,0,0,0,1,0,0,0,0,0,0,0,0,0
2013,"4D SEDAN LE","A",4,"Open","Avg","SILVER","DALLAS",12760,43500,0,1,2,0,0,0,0,0,0,0,0,1,0,0,0,0,0,1,0,0,0
2012,"4D SEDAN SE","A",4,"Open","Avg","WHITE","MILWAUKE",14060,30230,1,1,3,0,0,0,0,0,1,0,0,0,0,0,0,0,0,0,0,0,0
2014,"4D SEDAN SE","A",6,"Open","Avg","GRAY","OHIO",12800,50229,1,1,1,1,0,0,0,0,0,0,0,0,0,0,0,0,0,0,0,0,1
2015,"4D SEDAN SE","A",6,"Closed","Avg","BLUE","DALLAS",23930,3643,1,1,0,1,0,0,1,0,0,0,1,0,0,0,0,0,0,1,0,0,0
2012,"4D SEDAN SE","A",4,"Open","Avg","GRAY","ORLANDO",15300,26670,1,1,3,0,0,0,0,0,0,0,0,0,0,0,0,0,0,0,1,0,0
2014,"4D SEDAN SE","A",4,"Open","Avg","SILVER","DENVER",12550,41663,1,1,1,0,0,0,0,0,0,0,0,1,0,0,0,0,0,0,0,0,0
2015,"4D SEDAN LE","A",4,"Closed","Above","GRAY","ORLANDO",17630,380,0,1,0,0,0,1,1,0,0,0,0,0,0,0,0,0,0,0,1,0,0
2013,"4D SEDAN SE","A",4,"Closed","Avg","WHITE","ORLANDO",13390,53690,1,1,2,0,0,0,1,0,1,0,0,0,0,0,0,0,0,0,1,0,0
2011,"4D SEDAN SE","A",4,"Open","Avg","WHITE","ORLANDO",11690,68230,1,1,4,0,0,0,0,0,1,0,0,0,0,0,0,0,0,0,1,0,0
2010,"4D SEDAN SE","A",4,"Open","Avg","SILVER","California",9675,101890,1,1,5,0,0,0,0,0,0,0,0,1,0,0,0,1,0,0,0,0,0
2012,"4D SEDAN SE","A",6,"Open","Avg","GREEN","NewJersey",17510,28450,1,1,3,1,0,0,0,0,0,0,0,0,0,1,0,0,0,0,0,0,0
2013,"4D SEDAN SE","A",4,"Open","Above","SILVER","ATLANTA",16840,4170,1,1,2,0,0,1,0,0,0,0,0,1,0,0,0,0,0,0,0,0,0
2012,"4D SEDAN SE","A",6,"Open","Avg","GRAY","ORLANDO",13750,37584,1,1,3,1,0,0,0,0,0,0,0,0,0,0,0,0,0,0,1,0,0
2012,"4D SEDAN SE","A",4,"Open","Below","GRAY","ATLANTA",11150,89100,1,1,3,0,1,0,0,0,0,0,0,0,0,0,0,0,0,0,0,0,0
2014,"4D SEDAN SE","A",4,"Closed","Avg","SILVER","KansasCity",14030,40815,1,1,1,0,0,0,1,0,0,0,0,1,0,0,0,0,0,0,0,0,0
2014,"4D SEDAN SE","A",4,"Closed","Avg","BLACK","DALLAS",14115,40994,1,1,1,0,0,0,1,1,0,0,0,0,0,0,0,0,0,1,0,0,0
2013,"4D SEDAN SE","A",6,"Open","Above","RED","ORLANDO",19510,19860,1,1,2,1,0,1,0,0,0,1,0,0,0,0,0,0,0,0,1,0,0
2012,"4D SEDAN LE","A",6,"Open","Avg","GRAY","California",15235,28015,0,1,3,1,0,0,0,0,0,0,0,0,0,0,0,1,0,0,0,0,0
2015,"4D SEDAN LE","A",4,"Open","Avg","GRAY","ORLANDO",16100,11616,0,1,0,0,0,0,0,0,0,0,0,0,0,0,0,0,0,0,1,0,0
2012,"4D SEDAN SE","A",6,"Open","Avg","WHITE","California",15785,35856,1,1,3,1,0,0,0,0,1,0,0,0,0,0,0,1,0,0,0,0,0
2012,"4D SEDAN SE","A",6,"Open","Avg","SILVER","California",14435,42267,1,1,3,1,0,0,0,0,0,0,0,1,0,0,0,1,0,0,0,0,0
2012,"4D SEDAN SE","M",4,"Open","Above","GREEN","ATLANTA",15390,12640,1,0,3,0,0,1,0,0,0,0,0,0,0,1,0,0,0,0,0,0,0
2015,"4D SEDAN SE","A",4,"Open","Above","BLACK","DALLAS",18335,18084,1,1,0,0,0,1,0,1,0,0,0,0,0,0,0,0,0,1,0,0,0
2014,"4D SEDAN SE","A",4,"Closed","Above","SILVER","DENVER",15130,27176,1,1,1,0,0,1,1,0,0,0,0,1,0,0,0,0,0,0,0,0,0
2012,"4D SEDAN LE","A",6,"Open","Avg","BLACK","California",15870,43953,0,1,3,1,0,0,0,1,0,0,0,0,0,0,0,1,0,0,0,0,0
2014,"4D SEDAN SE","A",6,"Open","Avg","WHITE","ORLANDO",16300,38660,1,1,1,1,0,0,0,0,1,0,0,0,0,0,0,0,0,0,1,0,0
2015,"4D SEDAN LE","A",4,"Open","Avg","SILVER","DENVER",15650,21127,0,1,0,0,0,0,0,0,0,0,0,1,0,0,0,0,0,0,0,0,0
2012,"4D SEDAN LE","A",6,"Open","Avg","RED","OHIO",15050,46676,0,1,3,1,0,0,0,0,0,1,0,0,0,0,0,0,0,0,0,0,1
2013,"4D SEDAN LE","A",4,"Open","Avg","GRAY","NewJersey",12730,54830,0,1,2,0,0,0,0,0,0,0,0,0,0,0,0,0,0,0,0,0,0
2014,"4D SEDAN LE","A",4,"Open","Below","BLACK","Pennsylvan",11885,45015,0,1,1,0,1,0,0,1,0,0,0,0,0,0,0,0,0,0,0,1,0
2012,"4D SEDAN SE","M",6,"Open","Avg","GRAY","DALLAS",14700,26256,1,0,3,1,0,0,0,0,0,0,0,0,0,0,0,0,0,1,0,0,0
2013,"4D SEDAN SE","A",4,"Open","Avg","RED","MILWAUKE",13000,51470,1,1,2,0,0,0,0,0,0,1,0,0,0,0,0,0,0,0,0,0,0
2015,"4D SEDAN LE","A",4,"Closed","Below","BLACK","ATLANTA",15365,30454,0,1,0,0,1,0,1,1,0,0,0,0,0,0,0,0,0,0,0,0,0
2011,"4D SEDAN SE","A",4,"Open","Above","SILVER","Pennsylvan",13280,40650,1,1,4,0,0,1,0,0,0,0,0,1,0,0,0,0,0,0,0,1,0
2014,"4D SEDAN LE","A",4,"Open","Avg","WHITE","California",13035,34641,0,1,1,0,0,0,0,0,1,0,0,0,0,0,0,1,0,0,0,0,0
2011,"4D SEDAN LE","A",4,"Open","Avg","GRAY","NorthCarol",8850,119950,0,1,4,0,0,0,0,0,0,0,0,0,0,0,0,0,0,0,0,0,0
2010,"4D SEDAN SE","M",4,"Open","Above","BLUE","NorthCarol",11380,70990,1,0,5,0,0,1,0,0,0,0,1,0,0,0,0,0,0,0,0,0,0
2012,"4D SEDAN LE","M",6,"Open","Below","BLACK","Pennsylvan",13135,63940,0,0,3,1,1,0,0,1,0,0,0,0,0,0,0,0,0,0,0,1,0
2015,"4D SEDAN SE","A",4,"Open","Avg","GOLD","DALLAS",18160,19143,1,1,0,0,0,0,0,0,0,0,0,0,0,0,1,0,0,1,0,0,0
2014,"4D SEDAN SE","A",4,"Closed","Above","GRAY","ORLANDO",14780,21004,1,1,1,0,0,1,1,0,0,0,0,0,0,0,0,0,0,0,1,0,0
2012,"4D SEDAN LE","A",4,"Open","Avg","BLACK","ORLANDO",14395,19540,0,1,3,0,0,0,0,1,0,0,0,0,0,0,0,0,0,0,1,0,0
2014,"4D SEDAN SE","M",4,"Open","Avg","GRAY","California",14185,27414,1,0,1,0,0,0,0,0,0,0,0,0,0,0,0,1,0,0,0,0,0
2011,"4D SEDAN LE","A",4,"Open","Avg","BEIGE","ORLANDO",10370,58540,0,1,4,0,0,0,0,0,0,0,0,0,1,0,0,0,0,0,1,0,0
2010,"4D SEDAN SE","A",6,"Open","Above","RED","California",11335,70822,1,1,5,1,0,1,0,0,0,1,0,0,0,0,0,1,0,0,0,0,0
2013,"4D SEDAN SE","A",4,"Open","Below","BLACK","DENVER",12265,48270,1,1,2,0,1,0,0,1,0,0,0,0,0,0,0,0,0,0,0,0,0
2015,"4D SEDAN SE","A",4,"Open","Avg","WHITE","California",18035,26488,1,1,0,0,0,0,0,0,1,0,0,0,0,0,0,1,0,0,0,0,0
2012,"4D SEDAN LE","A",4,"Open","Above","SILVER","MILWAUKE",14710,33040,0,1,3,0,0,1,0,0,0,0,0,1,0,0,0,0,0,0,0,0,0
2012,"4D SEDAN SE","A",6,"Open","Above","BLACK","NewJersey",15785,17568,1,1,3,1,0,1,0,1,0,0,0,0,0,0,0,0,0,0,0,0,0
2013,"4D SEDAN SE","A",6,"Open","Avg","BLACK","KansasCity",14635,35122,1,1,2,1,0,0,0,1,0,0,0,0,0,0,0,0,0,0,0,0,0
2015,"4D SEDAN SE","A",4,"Open","Avg","SILVER","California",17735,25206,1,1,0,0,0,0,0,0,0,0,0,1,0,0,0,1,0,0,0,0,0
2012,"4D SEDAN SE","A",6,"Open","Avg","BLACK","NewJersey",18335,32620,1,1,3,1,0,0,0,1,0,0,0,0,0,0,0,0,0,0,0,0,0
2013,"4D SEDAN LE","A",4,"Open","Avg","GRAY","NASHVILL",12740,56470,0,1,2,0,0,0,0,0,0,0,0,0,0,0,0,0,0,0,0,0,0
2012,"4D SEDAN SE","A",6,"Open","Avg","SILVER","DALLAS",16920,37540,1,1,3,1,0,0,0,0,0,0,0,1,0,0,0,0,0,1,0,0,0
2012,"4D SEDAN SE","A",4,"Open","Avg","WHITE","Pennsylvan",15540,34190,1,1,3,0,0,0,0,0,1,0,0,0,0,0,0,0,0,0,0,1,0
2014,"4D SEDAN LE","A",4,"Closed","Avg","GRAY","NorthCarol",13930,37290,0,1,1,0,0,0,1,0,0,0,0,0,0,0,0,0,0,0,0,0,0
2015,"4D SEDAN LE","A",4,"Open","Above","BLUE","California",18035,18990,0,1,0,0,0,1,0,0,0,0,1,0,0,0,0,1,0,0,0,0,0
2014,"4D SEDAN LE","A",4,"Open","Avg","RED","OHIO",12800,37852,0,1,1,0,0,0,0,0,0,1,0,0,0,0,0,0,0,0,0,0,1
2015,"4D SEDAN LE","A",4,"Open","Above","GRAY","Pennsylvan",17250,10198,0,1,0,0,0,1,0,0,0,0,0,0,0,0,0,0,0,0,0,1,0
2011,"4D SEDAN LE","A",6,"Open","Avg","BLUE","NEWENGLD",11200,66124,0,1,4,1,0,0,0,0,0,0,1,0,0,0,0,0,0,0,0,0,0
2013,"4D SEDAN SE","A",4,"Closed","Above","WHITE","California",15485,23070,1,1,2,0,0,1,1,0,1,0,0,0,0,0,0,1,0,0,0,0,0
2012,"4D SEDAN LE","A",6,"Open","Avg","GREEN","NewJersey",16450,28499,0,1,3,1,0,0,0,0,0,0,0,0,0,1,0,0,0,0,0,0,0
2011,"4D SEDAN LE","A",4,"Closed","Below","BLUE","ORLANDO",7400,81520,0,1,4,0,1,0,1,0,0,0,1,0,0,0,0,0,0,0,1,0,0
2013,"4D SEDAN SE","A",4,"Open","Avg","WHITE","DALLAS",14640,49610,1,1,2,0,0,0,0,0,1,0,0,0,0,0,0,0,0,1,0,0,0
2011,"4D SEDAN LE","A",4,"Open","Below","WHITE","ORLANDO",6250,101470,0,1,4,0,1,0,1,0,1,0,0,0,0,0,0,0,0,0,1,0,0
2012,"4D SEDAN SE","A",4,"Open","Above","SILVER","DALLAS",16060,14500,1,1,3,0,0,1,0,0,0,0,0,1,0,0,0,0,0,1,0,0,0
2014,"4D SEDAN SE","A",4,"Closed","Below","BLACK","OHIO",13216,58214,1,1,1,0,1,0,1,1,0,0,0,0,0,0,0,0,0,0,0,0,1
2013,"4D SEDAN SE","A",4,"Open","Avg","SILVER","ORLANDO",12760,56280,1,1,2,0,0,0,0,0,0,0,0,1,0,0,0,0,0,0,1,0,0
2012,"4D SEDAN LE","M",6,"Open","Below","BLACK","OHIO",14285,23190,0,0,3,1,1,0,0,1,0,0,0,0,0,0,0,0,0,0,0,0,1
2015,"4D SEDAN LE","A",4,"Open","Avg","BLUE","ORLANDO",15500,15900,0,1,0,0,0,0,0,0,0,0,1,0,0,0,0,0,0,0,1,0,0
2012,"4D SEDAN LE","A",4,"Open","Avg","RED","ORLANDO",13170,30180,0,1,3,0,0,0,0,0,0,1,0,0,0,0,0,0,0,0,1,0,0
2010,"4D SEDAN LE","A",4,"Open","Above","GOLD","California",10635,69150,0,1,5,0,0,1,0,0,0,0,0,0,0,0,1,1,0,0,0,0,0
2013,"4D SEDAN SE","A",6,"Open","Avg","GRAY","DENVER",16150,25158,1,1,2,1,0,0,0,0,0,0,0,0,0,0,0,0,0,0,0,0,0
2012,"4D SEDAN LE","A",6,"Open","Above","SILVER","DALLAS",17550,20993,0,1,3,1,0,1,0,0,0,0,0,1,0,0,0,0,0,1,0,0,0
2012,"4D SEDAN SE","A",6,"Open","Below","RED","OHIO",12500,56439,1,1,3,1,1,0,0,0,0,1,0,0,0,0,0,0,0,0,0,0,1
2013,"4D SEDAN SE","A",4,"Open","Avg","WHITE","ORLANDO",13890,53950,1,1,2,0,0,0,0,0,1,0,0,0,0,0,0,0,0,0,1,0,0
2011,"4D SEDAN LE","A",4,"Open","Avg","BLACK","SEATTLE",10615,69680,0,1,4,0,0,0,0,1,0,0,0,0,0,0,0,0,1,0,0,0,0
2014,"4D SEDAN LE","A",4,"Closed","Below","RED","ATLANTA",12380,23838,0,1,1,0,1,0,1,0,0,1,0,0,0,0,0,0,0,0,0,0,0
2015,"4D SEDAN SE","A",4,"Open","Avg","BLUE","SEATTLE",17980,11824,1,1,0,0,0,0,0,0,0,0,1,0,0,0,0,0,1,0,0,0,0
2012,"4D SEDAN LE","A",4,"Open","Avg","SILVER","ATLANTA",14420,29740,0,1,3,0,0,0,0,0,0,0,0,1,0,0,0,0,0,0,0,0,0
2014,"4D SEDAN LE","A",4,"Open","Avg","WHITE","DENVER",13700,44706,0,1,1,0,0,0,0,0,1,0,0,0,0,0,0,0,0,0,0,0,0
2012,"4D SEDAN SE","A",4,"Open","Below","SILVER","NASHVILL",12210,74260,1,1,3,0,1,0,0,0,0,0,0,1,0,0,0,0,0,0,0,0,0
2012,"4D SEDAN SE","A",4,"Open","Above","GRAY","DENVER",15560,25290,1,1,3,0,0,1,0,0,0,0,0,0,0,0,0,0,0,0,0,0,0
2010,"4D SEDAN SE","A",4,"Closed","Above","WHITE","DALLAS",11440,61540,1,1,5,0,0,1,1,0,1,0,0,0,0,0,0,0,0,1,0,0,0
2015,"4D SEDAN SE","A",4,"Closed","Avg","BLACK","ORLANDO",18015,1797,1,1,0,0,0,0,1,1,0,0,0,0,0,0,0,0,0,0,1,0,0
2015,"4D SEDAN SE","A",4,"Open","Avg","GRAY","ORLANDO",17650,4718,1,1,0,0,0,0,0,0,0,0,0,0,0,0,0,0,0,0,1,0,0
2012,"4D SEDAN LE","M",4,"Open","Above","GRAY","ATLANTA",14600,13050,0,0,3,0,0,1,0,0,0,0,0,0,0,0,0,0,0,0,0,0,0
2011,"4D SEDAN SE","A",6,"Open","Avg","BLACK","BALTWASH",13205,35410,1,1,4,1,0,0,0,1,0,0,0,0,0,0,0,0,0,0,0,0,0
2014,"4D SEDAN LE","A",4,"Open","Avg","RED","MILWAUKE",13250,29605,0,1,1,0,0,0,0,0,0,1,0,0,0,0,0,0,0,0,0,0,0
2010,"4D SEDAN SE","A",6,"Open","Avg","BLUE","NEWENGLD",9180,103892,1,1,5,1,0,0,1,0,0,0,1,0,0,0,0,0,0,0,0,0,0
2013,"4D SEDAN LE","A",4,"Closed","Avg","GRAY","NEWENGLD",13100,36090,0,1,2,0,0,0,1,0,0,0,0,0,0,0,0,0,0,0,0,0,0
2015,"4D SEDAN LE","M",4,"Open","Above","SILVER","Pennsylvan",17550,9241,0,0,0,0,0,1,0,0,0,0,0,1,0,0,0,0,0,0,0,1,0
2015,"4D SEDAN LE","A",4,"Open","Below","GRAY","SEATTLE",15030,26280,0,1,0,0,1,0,0,0,0,0,0,0,0,0,0,0,1,0,0,0,0
2015,"4D SEDAN LE","A",4,"Closed","Avg","GRAY","Pennsylvan",16280,9850,0,1,0,0,0,0,1,0,0,0,0,0,0,0,0,0,0,0,0,1,0
2015,"4D SEDAN SE","M",4,"Open","Below","WHITE","Pennsylvan",16650,30095,1,0,0,0,1,0,0,0,1,0,0,0,0,0,0,0,0,0,0,1,0
2014,"4D SEDAN SE","M",4,"Open","Avg","WHITE","Pennsylvan",13650,32353,1,0,1,0,0,0,0,0,1,0,0,0,0,0,0,0,0,0,0,1,0
2013,"4D SEDAN SE","A",4,"Open","Avg","BLACK","NASHVILL",13705,49020,1,1,2,0,0,0,0,1,0,0,0,0,0,0,0,0,0,0,0,0,0
2012,"4D SEDAN SE","A",6,"Open","Avg","GRAY","ORLANDO",17440,35660,1,1,3,1,0,0,0,0,0,0,0,0,0,0,0,0,0,0,1,0,0
2012,"4D SEDAN SE","A",4,"Open","Avg","RED","ORLANDO",13950,33800,1,1,3,0,0,0,0,0,0,1,0,0,0,0,0,0,0,0,1,0,0
2010,"4D SEDAN LE","A",4,"Open","Avg","SILVER","California",10345,91880,0,1,5,0,0,0,0,0,0,0,0,1,0,0,0,1,0,0,0,0,0
2014,"4D SEDAN LE","A",4,"Closed","Above","BLUE","SEATTLE",15280,8045,0,1,1,0,0,1,0,0,0,0,1,0,0,0,0,0,1,0,0,0,0
2013,"4D SEDAN LE","A",4,"Open","Avg","SILVER","ORLANDO",14480,27370,0,1,2,0,0,0,0,0,0,0,0,1,0,0,0,0,0,0,1,0,0
2011,"4D SEDAN LE","A",4,"Open","Avg","SILVER","NASHVILL",10790,77470,0,1,4,0,0,0,0,0,0,0,0,1,0,0,0,0,0,0,0,0,0
2013,"4D SEDAN SE","A",4,"Open","Avg","GRAY","DALLAS",13090,53250,1,1,2,0,0,0,0,0,0,0,0,0,0,0,0,0,0,1,0,0,0
2010,"4D SEDAN SE","A",6,"Open","Below","WHITE","DALLAS",7850,137985,1,1,5,1,1,0,0,0,1,0,0,0,0,0,0,0,0,1,0,0,0
2010,"4D SEDAN SE","M",4,"Open","Avg","RED","BALTWASH",8020,167880,1,0,5,0,0,0,0,0,0,1,0,0,0,0,0,0,0,0,0,0,0
2011,"4D SEDAN LE","A",4,"Open","Avg","SILVER","DENVER",10510,59200,0,1,4,0,0,0,0,0,0,0,0,1,0,0,0,0,0,0,0,0,0
2010,"4D SEDAN LE","A",4,"Open","Below","WHITE","ATLANTA",6770,179750,0,1,5,0,1,0,0,0,1,0,0,0,0,0,0,0,0,0,0,0,0
2013,"4D SEDAN LE","A",4,"Open","Below","GRAY","OHIO",11600,51580,0,1,2,0,1,0,0,0,0,0,0,0,0,0,0,0,0,0,0,0,1
2011,"4D SEDAN LE","A",4,"Open","Above","GRAY","ORLANDO",10990,65450,0,1,4,0,0,1,0,0,0,0,0,0,0,0,0,0,0,0,1,0,0
2012,"4D SEDAN LE","A",6,"Open","Avg","BLACK","NorthCarol",16985,35671,0,1,3,1,0,0,0,1,0,0,0,0,0,0,0,0,0,0,0,0,0
2010,"4D SEDAN LE","A",4,"Closed","Below","BLUE","NASHVILL",5315,86780,0,1,5,0,1,0,1,1,0,0,0,0,0,0,0,0,0,0,0,0,0
2011,"4D SEDAN SE","A",6,"Closed","Above","WHITE","MILWAUKE",14680,45560,1,1,4,1,0,1,1,0,1,0,0,0,0,0,0,0,0,0,0,0,0
2015,"4D SEDAN SE","A",4,"Open","Below","GREEN","DALLAS",16650,3970,1,1,0,0,1,0,0,0,0,0,0,0,0,1,0,0,0,1,0,0,0
2012,"4D SEDAN SE","A",6,"Open","Above","BLACK","MILWAUKE",18405,29870,1,1,3,1,0,1,0,1,0,0,0,0,0,0,0,0,0,0,0,0,0
2010,"4D SEDAN LE","A",4,"Open","Avg","BLACK","ORLANDO",8575,69620,0,1,5,0,0,0,0,1,0,0,0,0,0,0,0,0,0,0,1,0,0
2014,"4D SEDAN LE","A",4,"Open","Avg","GRAY","DENVER",13300,27050,0,1,1,0,0,0,0,0,0,0,0,0,0,0,0,0,0,0,0,0,0
2011,"4D SEDAN SE","A",4,"Open","Avg","SILVER","California",11395,99310,1,1,4,0,0,0,0,0,0,0,0,1,0,0,0,1,0,0,0,0,0
2010,"4D SEDAN LE","A",4,"Open","Above","BLACK","KansasCity",10995,48040,0,1,5,0,0,1,0,1,0,0,0,0,0,0,0,0,0,0,0,0,0
2012,"4D SEDAN LE","M",6,"Open","Avg","SILVER","OHIO",15550,34774,0,0,3,1,0,0,0,0,0,0,0,1,0,0,0,0,0,0,0,0,1
2010,"4D SEDAN SE","A",6,"Closed","Avg","RED","DENVER",13520,56160,1,1,5,1,0,0,1,0,0,1,0,0,0,0,0,0,0,0,0,0,0
2014,"4D SEDAN SE","A",4,"Open","Avg","WHITE","DALLAS",13200,33690,1,1,1,0,0,0,0,0,1,0,0,0,0,0,0,0,0,1,0,0,0
2011,"4D SEDAN LE","A",4,"Open","Avg","BLUE","NASHVILL",9200,86810,0,1,4,0,0,0,0,0,0,0,1,0,0,0,0,0,0,0,0,0,0
2015,"4D SEDAN SE","A",4,"Closed","Below","GRAY","ORLANDO",16230,13796,1,1,0,0,1,0,1,0,0,0,0,0,0,0,0,0,0,0,1,0,0
2013,"4D SEDAN SE","A",4,"Closed","Avg","RED","DENVER",13730,49140,1,1,2,0,0,0,1,0,0,1,0,0,0,0,0,0,0,0,0,0,0
2015,"4D SEDAN LE","A",4,"Closed","Avg","SILVER","ORLANDO",16330,10518,0,1,0,0,0,0,1,0,0,0,0,1,0,0,0,0,0,0,1,0,0
2012,"4D SEDAN SE","A",6,"Open","Avg","BLACK","MILWAUKE",16035,28023,1,1,3,1,0,0,0,1,0,0,0,0,0,0,0,0,0,0,0,0,0
2013,"4D SEDAN LE","A",4,"Closed","Avg","GREEN","DALLAS",13430,31230,0,1,2,0,0,0,1,0,0,0,0,0,0,1,0,0,0,1,0,0,0
2014,"4D SEDAN SE","A",4,"Open","Avg","WHITE","ORLANDO",12950,23637,1,1,1,0,0,0,0,0,1,0,0,0,0,0,0,0,0,0,1,0,0
2011,"4D SEDAN SE","A",6,"Open","Avg","WHITE","DALLAS",8300,111027,1,1,4,1,0,0,0,0,1,0,0,0,0,0,0,0,0,1,0,0,0
2012,"4D SEDAN LE","A",4,"Open","Avg","RED","ORLANDO",13550,38900,0,1,3,0,0,0,0,0,0,1,0,0,0,0,0,0,0,0,1,0,0
2012,"4D SEDAN LE","A",6,"Open","Avg","BLACK","ORLANDO",15985,29913,0,1,3,1,0,0,0,1,0,0,0,0,0,0,0,0,0,0,1,0,0
2014,"4D SEDAN LE","A",4,"Open","Above","WHITE","DENVER",15350,33236,0,1,1,0,0,1,0,0,1,0,0,0,0,0,0,0,0,0,0,0,0
2013,"4D SEDAN LE","A",4,"Open","Avg","SILVER","California",13675,50700,0,1,2,0,0,0,0,0,0,0,0,1,0,0,0,1,0,0,0,0,0
2012,"4D SEDAN SE","M",6,"Open","Below","GRAY","SEATTLE",13580,71308,1,0,3,1,1,0,0,0,0,0,0,0,0,0,0,0,1,0,0,0,0
2011,"4D SEDAN SE","A",6,"Open","Above","GRAY","NorthCarol",9280,117769,1,1,4,1,0,1,1,0,0,0,0,0,0,0,0,0,0,0,0,0,0
2015,"4D SEDAN SE","A",4,"Open","Avg","BLACK","OHIO",18885,9350,1,1,0,0,0,0,0,1,0,0,0,0,0,0,0,0,0,0,0,0,1
2013,"4D SEDAN SE","A",4,"Open","Avg","GRAY","ORLANDO",14060,55580,1,1,2,0,0,0,0,0,0,0,0,0,0,0,0,0,0,0,1,0,0
2011,"4D SEDAN LE","A",4,"Open","Avg","RED","BALTWASH",8780,72140,0,1,4,0,0,0,0,0,0,1,0,0,0,0,0,0,0,0,0,0,0
2013,"4D SEDAN SE","A",6,"Open","Avg","WHITE","BALTWASH",15950,30191,1,1,2,1,0,0,0,0,1,0,0,0,0,0,0,0,0,0,0,0,0
2010,"4D SEDAN SE","A",4,"Open","Above","RED","SEATTLE",12640,79460,1,1,5,0,0,1,0,0,0,1,0,0,0,0,0,0,1,0,0,0,0
2014,"4D SEDAN LE","A",4,"Closed","Avg","WHITE","BALTWASH",13730,21275,0,1,1,0,0,0,1,0,1,0,0,0,0,0,0,0,0,0,0,0,0
2012,"4D SEDAN SE","M",4,"Closed","Avg","SILVER","Pennsylvan",14190,37450,1,0,3,0,0,0,1,0,0,0,0,1,0,0,0,0,0,0,0,1,0
2011,"4D SEDAN LE","A",4,"Open","Avg","RED","ORLANDO",8870,55040,0,1,4,0,0,0,0,0,0,1,0,0,0,0,0,0,0,0,1,0,0
2010,"4D SEDAN LE","A",4,"Open","Avg","GRAY","NEWENGLD",7400,120850,0,1,5,0,0,0,1,0,0,0,0,0,0,0,0,0,0,0,0,0,0
2012,"4D SEDAN SE","A",6,"Open","Above","BLACK","OHIO",16235,27192,1,1,3,1,0,1,0,1,0,0,0,0,0,0,0,0,0,0,0,0,1
2013,"4D SEDAN SE","M",6,"Open","Avg","GRAY","DALLAS",17550,23664,1,0,2,1,0,0,0,0,0,0,0,0,0,0,0,0,0,1,0,0,0
2013,"4D SEDAN LE","A",4,"Closed","Avg","GRAY","DALLAS",12730,53740,0,1,2,0,0,0,1,0,0,0,0,0,0,0,0,0,0,1,0,0,0
2015,"4D SEDAN SE","A",4,"Open","Above","WHITE","DALLAS",18650,18434,1,1,0,0,0,1,0,0,1,0,0,0,0,0,0,0,0,1,0,0,0
2010,"4D SEDAN LE","A",4,"Open","Avg","GOLD","NASHVILL",7320,126480,0,1,5,0,0,0,0,0,0,0,0,0,0,0,1,0,0,0,0,0,0
2015,"4D SEDAN LE","M",4,"Closed","Avg","BLACK","ORLANDO",15515,18291,0,0,0,0,0,0,1,1,0,0,0,0,0,0,0,0,0,0,1,0,0
2013,"4D SEDAN SE","A",4,"Open","Avg","SILVER","ORLANDO",13300,53060,1,1,2,0,0,0,0,0,0,0,0,1,0,0,0,0,0,0,1,0,0
2014,"4D SEDAN LE","A",4,"Open","Above","WHITE","OHIO",14000,16112,0,1,1,0,0,1,0,0,1,0,0,0,0,0,0,0,0,0,0,0,1
2015,"4D SEDAN SE","A",4,"Closed","Avg","GREEN","DALLAS",18880,18301,1,1,0,0,0,0,1,0,0,0,0,0,0,1,0,0,0,1,0,0,0
2015,"4D SEDAN SE","A",4,"Closed","Avg","GRAY","DENVER",16980,11495,1,1,0,0,0,0,1,0,0,0,0,0,0,0,0,0,0,0,0,0,0
2010,"4D SEDAN SE","A",4,"Open","Avg","GRAY","NorthCarol",8750,125230,1,1,5,0,0,0,0,0,0,0,0,0,0,0,0,0,0,0,0,0,0
2012,"4D SEDAN LE","M",4,"Open","Avg","SILVER","BALTWASH",13480,42970,0,0,3,0,0,0,0,0,0,0,0,1,0,0,0,0,0,0,0,0,0
2015,"4D SEDAN SE","A",4,"Closed","Below","SILVER","NorthCarol",17080,25525,1,1,0,0,1,0,1,0,0,0,0,1,0,0,0,0,0,0,0,0,0
2013,"4D SEDAN SE","A",4,"Open","Avg","WHITE","DENVER",13680,53910,1,1,2,0,0,0,0,0,1,0,0,0,0,0,0,0,0,0,0,0,0
2012,"4D SEDAN SE","A",4,"Open","Avg","GRAY","MILWAUKE",15530,35960,1,1,3,0,0,0,0,0,0,0,0,0,0,0,0,0,0,0,0,0,0
2015,"4D SEDAN SE","M",4,"Open","Avg","RED","Pennsylvan",17500,28763,1,0,0,0,0,0,0,0,0,1,0,0,0,0,0,0,0,0,0,1,0
2015,"4D SEDAN LE","A",4,"Closed","Above","BLUE","NASHVILL",17080,1723,0,1,0,0,0,1,1,0,0,0,1,0,0,0,0,0,0,0,0,0,0
2012,"4D SEDAN SE","A",6,"Open","Avg","RED","California",13335,36032,1,1,3,1,0,0,0,0,0,1,0,0,0,0,0,1,0,0,0,0,0
2010,"4D SEDAN LE","A",6,"Open","Avg","RED","NEWENGLD",6600,94949,0,1,5,1,0,0,0,0,0,1,0,0,0,0,0,0,0,0,0,0,0
2011,"4D SEDAN SE","A",4,"Open","Avg","SILVER","California",12185,85180,1,1,4,0,0,0,0,0,0,0,0,1,0,0,0,1,0,0,0,0,0
2012,"4D SEDAN SE","A",6,"Open","Avg","SILVER","DENVER",14400,39128,1,1,3,1,0,0,0,0,0,0,0,1,0,0,0,0,0,0,0,0,0
2013,"4D SEDAN SE","A",6,"Open","Below","WHITE","DALLAS",10600,86684,1,1,2,1,1,0,0,0,1,0,0,0,0,0,0,0,0,1,0,0,0
2015,"4D SEDAN SE","A",6,"Open","Above","WHITE","DALLAS",24700,12534,1,1,0,1,0,1,0,0,1,0,0,0,0,0,0,0,0,1,0,0,0
2014,"4D SEDAN SE","A",4,"Open","Above","GRAY","ORLANDO",15050,8129,1,1,1,0,0,1,0,0,0,0,0,0,0,0,0,0,0,0,1,0,0
2012,"4D SEDAN SE","A",6,"Open","Avg","WHITE","California",15925,28350,1,1,3,1,0,0,0,0,1,0,0,0,0,0,0,1,0,0,0,0,0
2013,"4D SEDAN SE","A",6,"Open","Above","GRAY","DENVER",18100,27692,1,1,2,1,0,1,0,0,0,0,0,0,0,0,0,0,0,0,0,0,0
2012,"4D SEDAN LE","M",4,"Open","Avg","WHITE","Pennsylvan",13960,35340,0,0,3,0,0,0,0,0,1,0,0,0,0,0,0,0,0,0,0,1,0
2011,"4D SEDAN LE","M",4,"Open","Avg","SILVER","NewJersey",10900,52650,0,0,4,0,0,0,0,0,0,0,0,1,0,0,0,0,0,0,0,0,0
2011,"4D SEDAN SE","A",6,"Open","Below","GRAY","NEWENGLD",7400,75403,1,1,4,1,1,0,0,0,0,0,0,0,0,0,0,0,0,0,0,0,0
2010,"4D SEDAN LE","A",4,"Open","Avg","GOLD","ORLANDO",9580,73150,0,1,5,0,0,0,0,0,0,0,0,0,0,0,1,0,0,0,1,0,0
2012,"4D SEDAN SE","A",4,"Open","Avg","RED","NewJersey",13840,27420,1,1,3,0,0,0,0,0,0,1,0,0,0,0,0,0,0,0,0,0,0
2014,"4D SEDAN SE","A",4,"Open","Avg","RED","DALLAS",13250,40457,1,1,1,0,0,0,0,0,0,1,0,0,0,0,0,0,0,1,0,0,0
2014,"4D SEDAN LE","A",4,"Open","Avg","SILVER","DENVER",13250,36024,0,1,1,0,0,0,0,0,0,0,0,1,0,0,0,0,0,0,0,0,0
2012,"4D SEDAN SE","M",4,"Open","Avg","WHITE","NewJersey",15260,30070,1,0,3,0,0,0,0,0,1,0,0,0,0,0,0,0,0,0,0,0,0
2010,"4D SEDAN SE","A",4,"Open","Above","BEIGE","NewJersey",11180,59280,1,1,5,0,0,1,0,0,0,0,0,0,1,0,0,0,0,0,0,0,0
2011,"4D SEDAN LE","A",6,"Open","Avg","RED","DALLAS",10500,75971,0,1,4,1,0,0,0,0,0,1,0,0,0,0,0,0,0,1,0,0,0
2012,"4D SEDAN SE","A",6,"Open","Below","GRAY","MILWAUKE",12920,52130,1,1,3,1,1,0,0,0,0,0,0,0,0,0,0,0,0,0,0,0,0
2011,"4D SEDAN SE","M",4,"Open","Avg","BLUE","DALLAS",9930,97110,1,0,4,0,0,0,1,0,0,0,1,0,0,0,0,0,0,1,0,0,0
2014,"4D SEDAN LE","A",4,"Closed","Avg","SILVER","ORLANDO",13080,20720,0,1,1,0,0,0,1,0,0,0,0,1,0,0,0,0,0,0,1,0,0
2012,"4D SEDAN SE","A",6,"Open","Avg","GRAY","OHIO",15400,36857,1,1,3,1,0,0,0,0,0,0,0,0,0,0,0,0,0,0,0,0,1
2014,"4D SEDAN LE","A",4,"Open","Avg","GREEN","KansasCity",12950,35112,0,1,1,0,0,0,0,0,0,0,0,0,0,1,0,0,0,0,0,0,0
2013,"4D SEDAN LE","A",4,"Open","Avg","BLACK","ATLANTA",14325,32920,0,1,2,0,0,0,0,1,0,0,0,0,0,0,0,0,0,0,0,0,0
2012,"4D SEDAN LE","A",6,"Open","Avg","BEIGE","ORLANDO",15060,21540,0,1,3,1,0,0,0,0,0,0,0,0,1,0,0,0,0,0,1,0,0
2015,"4D SEDAN SE","M",4,"Closed","Avg","WHITE","Pennsylvan",16730,19511,1,0,0,0,0,0,1,0,1,0,0,0,0,0,0,0,0,0,0,1,0
2011,"4D SEDAN LE","A",4,"Open","Below","BLACK","NASHVILL",8585,115410,0,1,4,0,1,0,0,1,0,0,0,0,0,0,0,0,0,0,0,0,0
2012,"4D SEDAN LE","A",4,"Open","Avg","BLACK","OHIO",13305,40610,0,1,3,0,0,0,0,1,0,0,0,0,0,0,0,0,0,0,0,0,1
2015,"4D SEDAN SE","A",4,"Closed","Avg","GRAY","ORLANDO",17780,1754,1,1,0,0,0,0,1,0,0,0,0,0,0,0,0,0,0,0,1,0,0
2010,"4D SEDAN LE","A",4,"Closed","Avg","WHITE","DALLAS",10390,79480,0,1,5,0,0,0,1,0,1,0,0,0,0,0,0,0,0,1,0,0,0
2012,"4D SEDAN SE","A",6,"Open","Avg","BLACK","ORLANDO",15785,43723,1,1,3,1,0,0,0,1,0,0,0,0,0,0,0,0,0,0,1,0,0
2015,"4D SEDAN SE","A",4,"Open","Above","BLUE","ORLANDO",19000,4177,1,1,0,0,0,1,0,0,0,0,1,0,0,0,0,0,0,0,1,0,0
2010,"4D SEDAN SE","A",4,"Open","Below","WHITE","NASHVILL",6910,151420,1,1,5,0,1,0,0,0,1,0,0,0,0,0,0,0,0,0,0,0,0
2012,"4D SEDAN SE","A",6,"Closed","Avg","WHITE","ORLANDO",14880,38392,1,1,3,1,0,0,1,0,1,0,0,0,0,0,0,0,0,0,1,0,0
2010,"4D SEDAN SE","A",6,"Open","Avg","GRAY","California",9615,97553,1,1,5,1,0,0,1,0,0,0,0,0,0,0,0,1,0,0,0,0,0
2013,"4D SEDAN LE","A",4,"Closed","Above","SILVER","SEATTLE",15100,33230,0,1,2,0,0,1,1,0,0,0,0,1,0,0,0,0,1,0,0,0,0
2010,"4D SEDAN SE","A",4,"Open","Above","SILVER","KansasCity",12090,39750,1,1,5,0,0,1,0,0,0,0,0,1,0,0,0,0,0,0,0,0,0
2012,"4D SEDAN LE","M",6,"Closed","Above","WHITE","DALLAS",17780,26888,0,0,3,1,0,1,1,0,1,0,0,0,0,0,0,0,0,1,0,0,0
2014,"4D SEDAN SE","A",4,"Closed","Avg","BLACK","ORLANDO",14615,4451,1,1,1,0,0,0,1,1,0,0,0,0,0,0,0,0,0,0,1,0,0
2012,"4D SEDAN LE","A",4,"Open","Below","BLUE","ATLANTA",12510,37830,0,1,3,0,1,0,0,0,0,0,1,0,0,0,0,0,0,0,0,0,0
2014,"4D SEDAN SE","A",6,"Open","Below","WHITE","California",15085,15712,1,1,1,1,1,0,0,0,1,0,0,0,0,0,0,1,0,0,0,0,0
2012,"4D SEDAN SE","A",4,"Open","Avg","GRAY","ORLANDO",15580,29560,1,1,3,0,0,0,0,0,0,0,0,0,0,0,0,0,0,0,1,0,0
2014,"4D SEDAN LE","A",4,"Open","Avg","RED","DENVER",12950,39320,0,1,1,0,0,0,0,0,0,1,0,0,0,0,0,0,0,0,0,0,0
2015,"4D SEDAN LE","A",4,"Closed","Avg","GRAY","ORLANDO",16780,14305,0,1,0,0,0,0,1,0,0,0,0,0,0,0,0,0,0,0,1,0,0
2013,"4D SEDAN SE","A",4,"Open","Avg","GRAY","BALTWASH",14140,6710,1,1,2,0,0,0,0,0,0,0,0,0,0,0,0,0,0,0,0,0,0
2011,"4D SEDAN SE","A",4,"Open","Below","SILVER","NASHVILL",9650,106100,1,1,4,0,1,0,0,0,0,0,0,1,0,0,0,0,0,0,0,0,0
2010,"4D SEDAN LE","M",4,"Open","Above","WHITE","Pennsylvan",10630,44110,0,0,5,0,0,1,0,0,1,0,0,0,0,0,0,0,0,0,0,1,0
2012,"4D SEDAN SE","A",4,"Open","Above","BLACK","ORLANDO",15735,38920,1,1,3,0,0,1,0,1,0,0,0,0,0,0,0,0,0,0,1,0,0
